candidate_evaluations,hypervolume_contributions
"[[{'F1': 0.25, 'F2': 4.5}, {'F1': 0.3, 'F2': 4.1}, {'F1': 0.15, 'F2': 4.0}, {'F1': 0.22, 'F2': 3.8}, {'F1': 0.18, 'F2': 4.3}], [{'F1': 0.2, 'F2': 4.5}, {'F1': 0.3, 'F2': 4.3}, {'F1': 0.25, 'F2': 4.6}, {'F1': 0.15, 'F2': 4.2}, {'F1': 0.18, 'F2': 4.4}], [{'F1': 0.25, 'F2': 4.5}, {'F1': 0.3, 'F2': 4.0}, {'F1': 0.15, 'F2': 4.2}, {'F1': 0.35, 'F2': 3.8}, {'F1': 0.1, 'F2': 4.7}], [{'F1': 0.35, 'F2': 3.95}, {'F1': 0.32, 'F2': 4.1}, {'F1': 0.3, 'F2': 3.75}, {'F1': 0.4, 'F2': 4.0}, {'F1': 0.33, 'F2': 4.25}], [{'F1': 0.35, 'F2': 4.5}, {'F1': 0.25, 'F2': 4.2}, {'F1': 0.3, 'F2': 4.0}, {'F1': 0.2, 'F2': 3.8}, {'F1': 0.15, 'F2': 4.1}]]","[0.08286357602360472, 0.05470049687007794, 0.0675979126841062, 0.03251322873950713, 0.07093453260876248]"
"[[{'F1': 0.25, 'F2': 3.5}, {'F1': 0.15, 'F2': 4.1}, {'F1': 0.35, 'F2': 3.0}, {'F1': 0.05, 'F2': 5.0}, {'F1': 0.45, 'F2': 2.8}], [{'F1': 0.25, 'F2': 4.5}, {'F1': 0.35, 'F2': 4.0}, {'F1': 0.45, 'F2': 3.5}, {'F1': 0.4, 'F2': 3.8}, {'F1': 0.3, 'F2': 4.2}], [{'F1': 0.25, 'F2': 3.8}, {'F1': 0.15, 'F2': 4.1}, {'F1': 0.3, 'F2': 3.5}, {'F1': 0.35, 'F2': 3.7}, {'F1': 0.2, 'F2': 4.0}], [{'F1': 0.3, 'F2': 4.5}, {'F1': 0.2, 'F2': 4.1}, {'F1': 0.4, 'F2': 3.9}, {'F1': 0.5, 'F2': 3.5}, {'F1': 0.1, 'F2': 4.8}], [{'F1': 0.1, 'F2': 3.9}, {'F1': 0.2, 'F2': 3.5}, {'F1': 0.3, 'F2': 3.2}, {'F1': 0.4, 'F2': 3.0}, {'F1': 0.5, 'F2': 2.8}]]","[0.011289315534551037, 0.0, 0.0, 0.0, 0.11546461055060253]"
"[[{'F1': 0.2, 'F2': 3.5}, {'F1': 0.3, 'F2': 4.0}, {'F1': 0.4, 'F2': 3.2}, {'F1': 0.1, 'F2': 4.5}, {'F1': 0.25, 'F2': 3.8}], [{'F1': 0.1, 'F2': 4.5}, {'F1': 0.15, 'F2': 4.3}, {'F1': 0.2, 'F2': 4.1}, {'F1': 0.25, 'F2': 3.9}, {'F1': 0.3, 'F2': 3.7}], [{'F1': 0.3, 'F2': 3.5}, {'F1': 0.25, 'F2': 3.8}, {'F1': 0.35, 'F2': 3.2}, {'F1': 0.4, 'F2': 3.4}, {'F1': 0.2, 'F2': 4.0}], [{'F1': 0.25, 'F2': 3.5}, {'F1': 0.3, 'F2': 3.8}, {'F1': 0.22, 'F2': 3.6}, {'F1': 0.28, 'F2': 3.4}, {'F1': 0.35, 'F2': 3.9}], [{'F1': 0.15, 'F2': 4.5}, {'F1': 0.25, 'F2': 4.2}, {'F1': 0.35, 'F2': 3.9}, {'F1': 0.45, 'F2': 3.6}, {'F1': 0.55, 'F2': 3.3}]]","[0.0, 0.0, 0.018078143277879044, 0.012948995650201689, 0.0]"
"[[{'F1': 0.2, 'F2': 3.5}, {'F1': 0.25, 'F2': 3.9}, {'F1': 0.3, 'F2': 3.7}, {'F1': 0.15, 'F2': 4.1}, {'F1': 0.1, 'F2': 4.5}], [{'F1': 0.2, 'F2': 3.752}, {'F1': 0.3, 'F2': 3.942}, {'F1': 0.1, 'F2': 4.874}, {'F1': 0.4, 'F2': 3.936}, {'F1': 0.5, 'F2': 3.579}], [{'F1': 0.15, 'F2': 4.5}, {'F1': 0.25, 'F2': 4.2}, {'F1': 0.35, 'F2': 3.9}, {'F1': 0.45, 'F2': 3.5}, {'F1': 0.55, 'F2': 3.2}], [{'F1': 0.35, 'F2': 4.5}, {'F1': 0.32, 'F2': 4.2}, {'F1': 0.4, 'F2': 4.8}, {'F1': 0.29, 'F2': 4.1}, {'F1': 0.34, 'F2': 4.4}], [{'F1': 0.1, 'F2': 4.5}, {'F1': 0.1, 'F2': 4.6}, {'F1': 0.1, 'F2': 4.7}, {'F1': 0.1, 'F2': 4.8}, {'F1': 0.1, 'F2': 4.9}]]","[0.0, 0.0, 0.0, 0.0, 0.009144177123113217]"
"[[{'F1': 0.2, 'F2': 3.752}, {'F1': 0.3, 'F2': 3.942}, {'F1': 0.1, 'F2': 4.874}, {'F1': 0.4, 'F2': 3.936}, {'F1': 0.5, 'F2': 3.579}], [{'F1': 0.25, 'F2': 3.5}, {'F1': 0.3, 'F2': 3.8}, {'F1': 0.35, 'F2': 4.0}, {'F1': 0.4, 'F2': 4.5}, {'F1': 0.45, 'F2': 4.2}], [{'F1': 0.25, 'F2': 3.5}, {'F1': 0.2, 'F2': 3.2}, {'F1': 0.15, 'F2': 3.8}, {'F1': 0.3, 'F2': 3.1}, {'F1': 0.1, 'F2': 4.0}], [{'F1': 0.2, 'F2': 3.5}, {'F1': 0.3, 'F2': 3.2}, {'F1': 0.4, 'F2': 3.0}, {'F1': 0.1, 'F2': 4.0}, {'F1': 0.5, 'F2': 2.8}], [{'F1': 0.05, 'F2': 4.5}, {'F1': 0.1, 'F2': 4.2}, {'F1': 0.2, 'F2': 4.0}, {'F1': 0.15, 'F2': 4.1}, {'F1': 0.25, 'F2': 3.8}]]","[0.0, 0.0, 0.0, 0.0, 0.0]"
"[[{'F1': 0.12, 'F2': 4.5}, {'F1': 0.15, 'F2': 4.2}, {'F1': 0.06, 'F2': 4.7}, {'F1': 0.09, 'F2': 4.3}, {'F1': 0.11, 'F2': 4.6}], [{'F1': 0.05, 'F2': 4.567}, {'F1': 0.15, 'F2': 4.321}, {'F1': 0.25, 'F2': 4.198}, {'F1': 0.35, 'F2': 4.012}, {'F1': 0.45, 'F2': 3.876}], [{'F1': 0.05, 'F2': 4.5}, {'F1': 0.03, 'F2': 4.75}, {'F1': 0.02, 'F2': 5.1}, {'F1': 0.04, 'F2': 4.3}, {'F1': 0.06, 'F2': 4.9}], [{'F1': 0.06, 'F2': 3.5}, {'F1': 0.16, 'F2': 3.8}, {'F1': 0.26, 'F2': 4.1}, {'F1': 0.36, 'F2': 4.4}, {'F1': 0.46, 'F2': 4.7}], [{'F1': 0.1, 'F2': 1.464}, {'F1': 0.2, 'F2': 3.752}, {'F1': 0.4, 'F2': 3.936}, {'F1': 0.3, 'F2': 3.942}, {'F1': 0.5, 'F2': 3.579}]]","[0.0, 0.0, 0.005859681580482556, 0.0, 0.0]"
"[[{'F1': 0.15, 'F2': 4.5}, {'F1': 0.2, 'F2': 4.2}, {'F1': 0.25, 'F2': 4.0}, {'F1': 0.3, 'F2': 3.8}, {'F1': 0.35, 'F2': 3.6}], [{'F1': 0.05, 'F2': 5.0}, {'F1': 0.15, 'F2': 4.5}, {'F1': 0.25, 'F2': 4.0}, {'F1': 0.35, 'F2': 3.5}, {'F1': 0.45, 'F2': 3.0}], [{'F1': 0.15, 'F2': 4.5}, {'F1': 0.25, 'F2': 4.0}, {'F1': 0.2, 'F2': 4.2}, {'F1': 0.1, 'F2': 4.8}, {'F1': 0.3, 'F2': 3.9}], [{'F1': 0.25, 'F2': 4.5}, {'F1': 0.3, 'F2': 4.0}, {'F1': 0.2, 'F2': 4.7}, {'F1': 0.35, 'F2': 4.2}, {'F1': 0.4, 'F2': 3.8}], [{'F1': 0.28, 'F2': 4.177}, {'F1': 0.4, 'F2': 3.936}, {'F1': 0.5, 'F2': 3.579}, {'F1': 0.1, 'F2': 1.464}, {'F1': 0.2, 'F2': 3.752}]]","[0.0, 0.0, 0.0, 0.0, 0.0]"
"[[{'F1': 0.05, 'F2': 4.9}, {'F1': 0.15, 'F2': 4.8}, {'F1': 0.25, 'F2': 4.7}, {'F1': 0.35, 'F2': 4.6}, {'F1': 0.45, 'F2': 4.5}], [{'F1': 0.25, 'F2': 3.5}, {'F1': 0.3, 'F2': 3.75}, {'F1': 0.2, 'F2': 3.2}, {'F1': 0.35, 'F2': 4.0}, {'F1': 0.15, 'F2': 3.9}], [{'F1': 0.4, 'F2': 3.5}, {'F1': 0.5, 'F2': 3.1}, {'F1': 0.3, 'F2': 3.8}, {'F1': 0.6, 'F2': 3.3}, {'F1': 0.2, 'F2': 4.0}], [{'F1': 0.12, 'F2': 4.5}, {'F1': 0.11, 'F2': 4.6}, {'F1': 0.13, 'F2': 4.4}, {'F1': 0.14, 'F2': 4.7}, {'F1': 0.15, 'F2': 4.8}], [{'F1': 0.1, 'F2': 4.874}, {'F1': 0.2, 'F2': 3.752}, {'F1': 0.3, 'F2': 3.942}, {'F1': 0.4, 'F2': 3.936}, {'F1': 0.5, 'F2': 3.579}]]","[0.0, 0.0, 0.0, 0.0, 0.0]"
"[[{'F1': 0.2, 'F2': 4.0}, {'F1': 0.2, 'F2': 4.5}, {'F1': 0.2, 'F2': 3.8}, {'F1': 0.2, 'F2': 3.5}, {'F1': 0.2, 'F2': 4.2}], [{'F1': 0.4, 'F2': 3.5}, {'F1': 0.4, 'F2': 3.9}, {'F1': 0.4, 'F2': 3.7}, {'F1': 0.4, 'F2': 4.1}, {'F1': 0.4, 'F2': 4.0}], [{'F1': 0.05, 'F2': 4.963}, {'F1': 0.05, 'F2': 4.962}, {'F1': 0.05, 'F2': 4.961}, {'F1': 0.05, 'F2': 4.964}, {'F1': 0.05, 'F2': 4.965}], [{'F1': 0.01, 'F2': 5.019}, {'F1': 0.01, 'F2': 4.973}, {'F1': 0.01, 'F2': 4.841}, {'F1': 0.01, 'F2': 4.874}, {'F1': 0.01, 'F2': 4.763}], [{'F1': 0.3, 'F2': 3.5}, {'F1': 0.3, 'F2': 3.8}, {'F1': 0.3, 'F2': 3.2}, {'F1': 0.3, 'F2': 4.0}, {'F1': 0.3, 'F2': 3.7}]]","[0.0, 0.0, 0.0, 0.0011441233722411237, 0.0]"
"[[{'F1': 0.01, 'F2': 4.973}, {'F1': 0.1, 'F2': 4.874}, {'F1': 0.2, 'F2': 3.752}, {'F1': 0.3, 'F2': 3.942}, {'F1': 0.2, 'F2': 3.579}], [{'F1': 0.2, 'F2': 3.752}, {'F1': 0.3, 'F2': 3.942}, {'F1': 0.1, 'F2': 4.874}, {'F1': 0.4, 'F2': 3.936}, {'F1': 0.5, 'F2': 3.579}], [{'F1': 0.25, 'F2': 3.5}, {'F1': 0.35, 'F2': 3.3}, {'F1': 0.28, 'F2': 3.8}, {'F1': 0.32, 'F2': 3.7}, {'F1': 0.3, 'F2': 3.6}], [{'F1': 0.02, 'F2': 4.973}, {'F1': 0.05, 'F2': 4.763}, {'F1': 0.1, 'F2': 4.874}, {'F1': 0.15, 'F2': 4.841}, {'F1': 0.2, 'F2': 3.752}], [{'F1': 0.05, 'F2': 4.763}, {'F1': 0.05, 'F2': 0.983}, {'F1': 0.05, 'F2': 5.019}, {'F1': 0.05, 'F2': 4.973}, {'F1': 0.05, 'F2': 4.841}]]","[0.0, 0.0, 0.0, 0.0, 0.0]"
"[[{'F1': 0.02, 'F2': 4.9}, {'F1': 0.02, 'F2': 5.0}, {'F1': 0.02, 'F2': 4.8}, {'F1': 0.02, 'F2': 5.1}, {'F1': 0.02, 'F2': 4.95}], [{'F1': 0.01, 'F2': 0.983}, {'F1': 0.01, 'F2': 5.396}, {'F1': 0.01, 'F2': 5.019}, {'F1': 0.01, 'F2': 4.763}, {'F1': 0.01, 'F2': 4.973}], [{'F1': 0.12, 'F2': 4.5}, {'F1': 0.12, 'F2': 4.7}, {'F1': 0.12, 'F2': 4.3}, {'F1': 0.12, 'F2': 4.6}, {'F1': 0.12, 'F2': 4.4}], [{'F1': 0.2, 'F2': 3.752}, {'F1': 0.3, 'F2': 3.942}, {'F1': 0.4, 'F2': 3.936}, {'F1': 0.5, 'F2': 3.579}, {'F1': 0.6, 'F2': 3.127}], [{'F1': 0.04, 'F2': 5.123}, {'F1': 0.06, 'F2': 4.982}, {'F1': 0.08, 'F2': 4.845}, {'F1': 0.12, 'F2': 4.654}, {'F1': 0.18, 'F2': 4.432}]]","[0.0, 0.0, 0.0, 0.0, 0.0]"
"[[{'F1': 0.1, 'F2': 4.874}, {'F1': 0.15, 'F2': 4.841}, {'F1': 0.2, 'F2': 3.752}, {'F1': 0.25, 'F2': 3.912}, {'F1': 0.3, 'F2': 3.942}], [{'F1': 0.1, 'F2': 4.5}, {'F1': 0.3, 'F2': 3.9}, {'F1': 0.2, 'F2': 4.1}, {'F1': 0.4, 'F2': 3.5}, {'F1': 0.3, 'F2': 3.7}], [{'F1': 0.03, 'F2': 1.2}, {'F1': 0.04, 'F2': 1.15}, {'F1': 0.05, 'F2': 1.1}, {'F1': 0.06, 'F2': 1.05}, {'F1': 0.07, 'F2': 1.0}], [{'F1': 0.2, 'F2': 3.752}, {'F1': 0.2, 'F2': 3.579}, {'F1': 0.2, 'F2': 4.841}, {'F1': 0.2, 'F2': 4.177}, {'F1': 0.2, 'F2': 2.881}], [{'F1': 0.01, 'F2': 5.396}, {'F1': 0.02, 'F2': 4.973}, {'F1': 0.03, 'F2': 4.841}, {'F1': 0.04, 'F2': 4.763}, {'F1': 0.05, 'F2': 4.874}]]","[0.0, 0.0, 0.0, 0.0, 0.0]"
"[[{'F1': 0.01, 'F2': 5.019}, {'F1': 0.02, 'F2': 4.973}, {'F1': 0.03, 'F2': 4.941}, {'F1': 0.04, 'F2': 4.912}, {'F1': 0.05, 'F2': 4.883}], [{'F1': 0.01, 'F2': 3.941}, {'F1': 0.01, 'F2': 5.019}, {'F1': 0.01, 'F2': 5.396}, {'F1': 0.01, 'F2': 1.464}, {'F1': 0.01, 'F2': 4.973}], [{'F1': 0.05, 'F2': 4.763}, {'F1': 0.1, 'F2': 4.787}, {'F1': 0.15, 'F2': 4.841}, {'F1': 0.2, 'F2': 3.752}, {'F1': 0.01, 'F2': 5.019}], [{'F1': 0.01, 'F2': 0.983}, {'F1': 0.02, 'F2': 1.015}, {'F1': 0.03, 'F2': 1.047}, {'F1': 0.04, 'F2': 1.079}, {'F1': 0.05, 'F2': 1.111}], [{'F1': 0.01, 'F2': 5.396}, {'F1': 0.02, 'F2': 5.29}, {'F1': 0.03, 'F2': 5.25}, {'F1': 0.04, 'F2': 5.2}, {'F1': 0.05, 'F2': 5.15}]]","[0.0, 0.0, 0.0, 0.0, 0.0]"
"[[{'F1': 0.3, 'F2': 3.5}, {'F1': 0.3, 'F2': 3.6}, {'F1': 0.3, 'F2': 3.7}, {'F1': 0.3, 'F2': 3.8}, {'F1': 0.3, 'F2': 3.9}], [{'F1': 0.2, 'F2': 3.5}, {'F1': 0.2, 'F2': 3.6}, {'F1': 0.2, 'F2': 3.4}, {'F1': 0.2, 'F2': 3.7}, {'F1': 0.2, 'F2': 3.8}], [{'F1': 0.4, 'F2': 3.5}, {'F1': 0.4, 'F2': 3.8}, {'F1': 0.4, 'F2': 3.2}, {'F1': 0.4, 'F2': 4.0}, {'F1': 0.4, 'F2': 3.9}], [{'F1': 0.01, 'F2': 1.015}, {'F1': 0.05, 'F2': 1.464}, {'F1': 0.02, 'F2': 1.983}, {'F1': 0.03, 'F2': 2.517}, {'F1': 0.04, 'F2': 2.123}], [{'F1': 0.01, 'F2': 3.517}, {'F1': 0.01, 'F2': 1.015}, {'F1': 0.02, 'F2': 4.973}, {'F1': 0.05, 'F2': 4.763}, {'F1': 0.1, 'F2': 4.874}]]","[0.0, 0.0, 0.0, 0.0, 0.0]"
"[[{'F1': 0.2, 'F2': 3.752}, {'F1': 0.3, 'F2': 3.942}, {'F1': 0.1, 'F2': 4.874}, {'F1': 0.15, 'F2': 4.841}, {'F1': 0.05, 'F2': 4.763}], [{'F1': 0.3, 'F2': 3.5}, {'F1': 0.4, 'F2': 3.8}, {'F1': 0.2, 'F2': 4.0}, {'F1': 0.15, 'F2': 4.2}, {'F1': 0.25, 'F2': 3.9}], [{'F1': 0.05, 'F2': 4.763}, {'F1': 0.1, 'F2': 4.874}, {'F1': 0.15, 'F2': 4.841}, {'F1': 0.2, 'F2': 3.752}, {'F1': 0.3, 'F2': 3.936}], [{'F1': 0.35, 'F2': 4.5}, {'F1': 0.25, 'F2': 4.2}, {'F1': 0.4, 'F2': 4.0}, {'F1': 0.3, 'F2': 3.8}, {'F1': 0.45, 'F2': 4.1}], [{'F1': 0.1, 'F2': 4.5}, {'F1': 0.12, 'F2': 4.2}, {'F1': 0.15, 'F2': 4.0}, {'F1': 0.08, 'F2': 4.8}, {'F1': 0.14, 'F2': 3.9}]]","[0.0, 0.0, 0.0, 0.0, 0.0]"
"[[{'F1': 0.4, 'F2': 3.5}, {'F1': 0.4, 'F2': 3.8}, {'F1': 0.4, 'F2': 3.2}, {'F1': 0.4, 'F2': 3.7}, {'F1': 0.4, 'F2': 3.6}], [{'F1': 0.3, 'F2': 3.5}, {'F1': 0.3, 'F2': 3.6}, {'F1': 0.3, 'F2': 3.4}, {'F1': 0.3, 'F2': 3.7}, {'F1': 0.3, 'F2': 3.8}], [{'F1': 0.01, 'F2': 3.517}, {'F1': 0.02, 'F2': 1.015}, {'F1': 0.03, 'F2': 2.5}, {'F1': 0.04, 'F2': 3.0}, {'F1': 0.05, 'F2': 4.763}], [{'F1': 0.05, 'F2': 3.517}, {'F1': 0.02, 'F2': 1.015}, {'F1': 0.01, 'F2': 0.983}, {'F1': 0.1, 'F2': 4.874}, {'F1': 0.15, 'F2': 4.841}], [{'F1': 0.1, 'F2': 4.874}, {'F1': 0.1, 'F2': 4.787}, {'F1': 0.2, 'F2': 3.752}, {'F1': 0.2, 'F2': 3.186}, {'F1': 0.1, 'F2': 1.464}]]","[0.0, 0.0, 0.0, 0.0, 0.0]"
"[[{'F1': 0.01, 'F2': 3.517}, {'F1': 0.1, 'F2': 4.763}, {'F1': 0.2, 'F2': 3.186}, {'F1': 0.05, 'F2': 4.841}, {'F1': 0.01, 'F2': 5.019}], [{'F1': 0.01, 'F2': 3.517}, {'F1': 0.02, 'F2': 1.015}, {'F1': 0.03, 'F2': 5.396}, {'F1': 0.04, 'F2': 3.186}, {'F1': 0.05, 'F2': 4.874}], [{'F1': 0.01, 'F2': 1.015}, {'F1': 0.1, 'F2': 4.874}, {'F1': 0.2, 'F2': 3.186}, {'F1': 0.05, 'F2': 4.763}, {'F1': 0.3, 'F2': 1.858}], [{'F1': 0.15, 'F2': 4.841}, {'F1': 0.1, 'F2': 4.787}, {'F1': 0.2, 'F2': 3.186}, {'F1': 0.3, 'F2': 3.942}, {'F1': 0.05, 'F2': 4.763}], [{'F1': 0.3, 'F2': 3.5}, {'F1': 0.4, 'F2': 3.8}, {'F1': 0.2, 'F2': 4.0}, {'F1': 0.5, 'F2': 3.2}, {'F1': 0.1, 'F2': 4.5}]]","[0.0, 0.0, 0.0, 0.0, 0.0]"
"[[{'F1': 0.04, 'F2': 5.0}, {'F1': 0.05, 'F2': 4.8}, {'F1': 0.06, 'F2': 4.6}, {'F1': 0.07, 'F2': 4.4}, {'F1': 0.08, 'F2': 4.2}], [{'F1': 0.05, 'F2': 4.85}, {'F1': 0.06, 'F2': 4.765}, {'F1': 0.07, 'F2': 4.68}, {'F1': 0.08, 'F2': 4.595}, {'F1': 0.09, 'F2': 4.51}], [{'F1': 0.01, 'F2': 3.517}, {'F1': 0.02, 'F2': 1.015}, {'F1': 0.03, 'F2': 4.973}, {'F1': 0.04, 'F2': 3.186}, {'F1': 0.05, 'F2': 4.763}], [{'F1': 0.03, 'F2': 5.001}, {'F1': 0.04, 'F2': 4.892}, {'F1': 0.05, 'F2': 4.763}, {'F1': 0.06, 'F2': 4.635}, {'F1': 0.07, 'F2': 4.518}], [{'F1': 0.02, 'F2': 4.973}, {'F1': 0.03, 'F2': 4.364}, {'F1': 0.04, 'F2': 3.517}, {'F1': 0.05, 'F2': 3.936}, {'F1': 0.06, 'F2': 3.177}]]","[0.0, 0.0, 0.0, 0.0, 0.0]"
"[[{'F1': 0.2, 'F2': 3.752}, {'F1': 0.3, 'F2': 3.942}, {'F1': 0.4, 'F2': 3.936}, {'F1': 0.1, 'F2': 4.787}, {'F1': 0.5, 'F2': 3.579}], [{'F1': 0.01, 'F2': 5.396}, {'F1': 0.02, 'F2': 4.973}, {'F1': 0.03, 'F2': 4.364}, {'F1': 0.04, 'F2': 2.623}, {'F1': 0.05, 'F2': 4.763}], [{'F1': 0.1, 'F2': 4.5}, {'F1': 0.15, 'F2': 4.2}, {'F1': 0.12, 'F2': 4.0}, {'F1': 0.08, 'F2': 4.8}, {'F1': 0.2, 'F2': 3.9}], [{'F1': 0.35, 'F2': 3.85}, {'F1': 0.25, 'F2': 3.65}, {'F1': 0.45, 'F2': 3.78}, {'F1': 0.3, 'F2': 3.5}, {'F1': 0.4, 'F2': 3.95}], [{'F1': 0.01, 'F2': 4.867}, {'F1': 0.02, 'F2': 1.045}, {'F1': 0.03, 'F2': 3.512}, {'F1': 0.04, 'F2': 2.564}, {'F1': 0.05, 'F2': 2.113}]]","[0.0, 0.0, 0.0, 0.0, 0.0]"
"[[{'F1': 0.05, 'F2': 4.763}, {'F1': 0.04, 'F2': 2.623}, {'F1': 0.02, 'F2': 1.015}, {'F1': 0.01, 'F2': 4.364}, {'F1': 0.1, 'F2': 1.464}], [{'F1': 0.02, 'F2': 2.623}, {'F1': 0.03, 'F2': 4.364}, {'F1': 0.04, 'F2': 3.517}, {'F1': 0.05, 'F2': 4.763}, {'F1': 0.06, 'F2': 3.944}], [{'F1': 0.04, 'F2': 2.501}, {'F1': 0.05, 'F2': 2.623}, {'F1': 0.06, 'F2': 2.741}, {'F1': 0.07, 'F2': 2.879}, {'F1': 0.08, 'F2': 3.021}], [{'F1': 0.03, 'F2': 2.623}, {'F1': 0.04, 'F2': 2.623}, {'F1': 0.05, 'F2': 2.623}, {'F1': 0.06, 'F2': 2.623}, {'F1': 0.07, 'F2': 2.623}], [{'F1': 0.01, 'F2': 3.517}, {'F1': 0.02, 'F2': 1.015}, {'F1': 0.03, 'F2': 2.623}, {'F1': 0.04, 'F2': 4.171}, {'F1': 0.05, 'F2': 4.763}]]","[0.0, 0.0, 0.0, 0.0, 0.0]"
"[[{'F1': 0.04, 'F2': 2.623}, {'F1': 0.04, 'F2': 2.637}, {'F1': 0.04, 'F2': 3.186}, {'F1': 0.04, 'F2': 3.244}, {'F1': 0.04, 'F2': 1.015}], [{'F1': 0.01, 'F2': 0.983}, {'F1': 0.02, 'F2': 1.015}, {'F1': 0.03, 'F2': 1.05}, {'F1': 0.01, 'F2': 1.0}, {'F1': 0.04, 'F2': 1.1}], [{'F1': 0.01, 'F2': 3.517}, {'F1': 0.02, 'F2': 1.015}, {'F1': 0.03, 'F2': 2.623}, {'F1': 0.03, 'F2': 4.171}, {'F1': 0.03, 'F2': 3.936}], [{'F1': 0.01, 'F2': 3.517}, {'F1': 0.02, 'F2': 1.015}, {'F1': 0.03, 'F2': 2.623}, {'F1': 0.04, 'F2': 2.637}, {'F1': 0.05, 'F2': 4.763}], [{'F1': 0.03, 'F2': 4.8}, {'F1': 0.04, 'F2': 4.7}, {'F1': 0.05, 'F2': 4.5}, {'F1': 0.06, 'F2': 4.3}, {'F1': 0.07, 'F2': 4.1}]]","[0.0, 0.0, 0.0, 0.0, 0.0]"
"[[{'F1': 0.02, 'F2': 1.015}, {'F1': 0.02, 'F2': 1.089}, {'F1': 0.03, 'F2': 1.464}, {'F1': 0.04, 'F2': 1.089}, {'F1': 0.05, 'F2': 1.464}], [{'F1': 0.05, 'F2': 2.637}, {'F1': 0.06, 'F2': 2.74}, {'F1': 0.07, 'F2': 2.845}, {'F1': 0.08, 'F2': 2.95}, {'F1': 0.09, 'F2': 3.056}], [{'F1': 0.04, 'F2': 2.623}, {'F1': 0.05, 'F2': 2.637}, {'F1': 0.06, 'F2': 2.651}, {'F1': 0.07, 'F2': 2.664}, {'F1': 0.08, 'F2': 2.678}], [{'F1': 0.01, 'F2': 3.517}, {'F1': 0.02, 'F2': 2.623}, {'F1': 0.03, 'F2': 4.973}, {'F1': 0.04, 'F2': 1.089}, {'F1': 0.05, 'F2': 4.763}], [{'F1': 0.03, 'F2': 4.5}, {'F1': 0.04, 'F2': 4.2}, {'F1': 0.05, 'F2': 4.0}, {'F1': 0.06, 'F2': 3.8}, {'F1': 0.07, 'F2': 3.5}]]","[0.0, 0.0, 0.0, 0.0, 0.0]"
"[[{'F1': 0.08, 'F2': 1.1}, {'F1': 0.09, 'F2': 1.2}, {'F1': 0.1, 'F2': 1.3}, {'F1': 0.11, 'F2': 1.4}, {'F1': 0.12, 'F2': 1.5}], [{'F1': 0.02, 'F2': 2.293}, {'F1': 0.01, 'F2': 3.517}, {'F1': 0.04, 'F2': 2.623}, {'F1': 0.05, 'F2': 2.637}, {'F1': 0.03, 'F2': 4.364}], [{'F1': 0.1, 'F2': 4.787}, {'F1': 0.2, 'F2': 3.752}, {'F1': 0.3, 'F2': 3.942}, {'F1': 0.4, 'F2': 3.244}, {'F1': 0.05, 'F2': 4.763}], [{'F1': 0.25, 'F2': 3.5}, {'F1': 0.35, 'F2': 3.2}, {'F1': 0.3, 'F2': 3.0}, {'F1': 0.4, 'F2': 2.8}, {'F1': 0.2, 'F2': 3.8}], [{'F1': 0.01, 'F2': 4.364}, {'F1': 0.02, 'F2': 2.293}, {'F1': 0.03, 'F2': 3.517}, {'F1': 0.04, 'F2': 2.623}, {'F1': 0.05, 'F2': 4.763}]]","[0.0, 0.0, 0.0, 0.0, 0.0]"
"[[{'F1': 0.2, 'F2': 4.171}, {'F1': 0.3, 'F2': 3.942}, {'F1': 0.1, 'F2': 4.874}, {'F1': 0.4, 'F2': 3.936}, {'F1': 0.2, 'F2': 3.186}], [{'F1': 0.1, 'F2': 3.517}, {'F1': 0.15, 'F2': 4.841}, {'F1': 0.2, 'F2': 4.171}, {'F1': 0.05, 'F2': 4.763}, {'F1': 0.04, 'F2': 1.089}], [{'F1': 0.02, 'F2': 2.293}, {'F1': 0.01, 'F2': 5.019}, {'F1': 0.03, 'F2': 4.364}, {'F1': 0.04, 'F2': 2.623}, {'F1': 0.05, 'F2': 4.763}], [{'F1': 0.4, 'F2': 3.5}, {'F1': 0.3, 'F2': 3.8}, {'F1': 0.2, 'F2': 4.0}, {'F1': 0.1, 'F2': 4.2}, {'F1': 0.5, 'F2': 3.3}], [{'F1': 0.3, 'F2': 3.942}, {'F1': 0.4, 'F2': 3.936}, {'F1': 0.2, 'F2': 3.752}, {'F1': 0.5, 'F2': 3.579}, {'F1': 0.1, 'F2': 4.787}]]","[0.0, 0.0, 0.0, 0.0, 0.0]"
"[[{'F1': 0.02, 'F2': 2.293}, {'F1': 0.04, 'F2': 2.623}, {'F1': 0.06, 'F2': 2.637}, {'F1': 0.08, 'F2': 2.527}, {'F1': 0.1, 'F2': 1.464}], [{'F1': 0.04, 'F2': 2.123}, {'F1': 0.05, 'F2': 2.345}, {'F1': 0.03, 'F2': 2.567}, {'F1': 0.06, 'F2': 2.789}, {'F1': 0.02, 'F2': 2.901}], [{'F1': 0.01, 'F2': 5.019}, {'F1': 0.02, 'F2': 2.293}, {'F1': 0.03, 'F2': 3.517}, {'F1': 0.04, 'F2': 1.089}, {'F1': 0.05, 'F2': 2.637}], [{'F1': 0.05, 'F2': 4.5}, {'F1': 0.1, 'F2': 4.2}, {'F1': 0.15, 'F2': 4.0}, {'F1': 0.2, 'F2': 3.8}, {'F1': 0.25, 'F2': 3.5}], [{'F1': 0.03, 'F2': 2.1}, {'F1': 0.05, 'F2': 2.5}, {'F1': 0.04, 'F2': 2.3}, {'F1': 0.02, 'F2': 2.0}, {'F1': 0.06, 'F2': 2.7}]]","[0.0, 0.0, 0.0, 0.0, 0.0]"
"[[{'F1': 0.2, 'F2': 3.5}, {'F1': 0.3, 'F2': 3.2}, {'F1': 0.4, 'F2': 3.8}, {'F1': 0.1, 'F2': 2.9}, {'F1': 0.05, 'F2': 2.5}], [{'F1': 0.01, 'F2': 3.517}, {'F1': 0.02, 'F2': 2.293}, {'F1': 0.03, 'F2': 4.364}, {'F1': 0.04, 'F2': 1.089}, {'F1': 0.05, 'F2': 2.637}], [{'F1': 0.15, 'F2': 4.841}, {'F1': 0.17, 'F2': 4.749}, {'F1': 0.18, 'F2': 4.634}, {'F1': 0.16, 'F2': 4.9}, {'F1': 0.19, 'F2': 4.558}], [{'F1': 0.1, 'F2': 3.123}, {'F1': 0.2, 'F2': 2.987}, {'F1': 0.3, 'F2': 2.845}, {'F1': 0.4, 'F2': 2.712}, {'F1': 0.05, 'F2': 3.456}], [{'F1': 0.02, 'F2': 3.59}, {'F1': 0.04, 'F2': 1.089}, {'F1': 0.05, 'F2': 2.637}, {'F1': 0.01, 'F2': 3.517}, {'F1': 0.1, 'F2': 4.874}]]","[0.0, 0.0, 0.0, 0.0, 0.0]"
"[[{'F1': 0.01, 'F2': 3.517}, {'F1': 0.02, 'F2': 2.293}, {'F1': 0.03, 'F2': 4.973}, {'F1': 0.04, 'F2': 2.623}, {'F1': 0.05, 'F2': 4.763}], [{'F1': 0.05, 'F2': 2.637}, {'F1': 0.04, 'F2': 1.089}, {'F1': 0.02, 'F2': 3.59}, {'F1': 0.01, 'F2': 3.517}, {'F1': 0.1, 'F2': 4.874}], [{'F1': 0.25, 'F2': 3.5}, {'F1': 0.3, 'F2': 3.2}, {'F1': 0.28, 'F2': 3.7}, {'F1': 0.26, 'F2': 3.4}, {'F1': 0.24, 'F2': 3.6}], [{'F1': 0.15, 'F2': 4.841}, {'F1': 0.2, 'F2': 4.171}, {'F1': 0.1, 'F2': 4.874}, {'F1': 0.2, 'F2': 3.752}, {'F1': 0.3, 'F2': 3.942}], [{'F1': 0.2, 'F2': 3.752}, {'F1': 0.1, 'F2': 4.283}, {'F1': 0.3, 'F2': 3.942}, {'F1': 0.2, 'F2': 3.186}, {'F1': 0.4, 'F2': 3.936}]]","[0.0, 0.0, 0.0, 0.0, 0.0]"
"[[{'F1': 0.2, 'F2': 3.244}, {'F1': 0.2, 'F2': 4.171}, {'F1': 0.2, 'F2': 4.283}, {'F1': 0.2, 'F2': 3.186}, {'F1': 0.2, 'F2': 3.936}], [{'F1': 0.15, 'F2': 4.5}, {'F1': 0.15, 'F2': 4.2}, {'F1': 0.15, 'F2': 4.8}, {'F1': 0.15, 'F2': 4.1}, {'F1': 0.15, 'F2': 4.6}], [{'F1': 0.02, 'F2': 2.293}, {'F1': 0.02, 'F2': 3.517}, {'F1': 0.02, 'F2': 3.936}, {'F1': 0.02, 'F2': 1.015}, {'F1': 0.03, 'F2': 2.527}], [{'F1': 0.01, 'F2': 3.759}, {'F1': 0.02, 'F2': 2.293}, {'F1': 0.03, 'F2': 4.973}, {'F1': 0.04, 'F2': 1.089}, {'F1': 0.05, 'F2': 4.763}], [{'F1': 0.01, 'F2': 5.019}, {'F1': 0.01, 'F2': 5.396}, {'F1': 0.04, 'F2': 1.089}, {'F1': 0.02, 'F2': 1.015}, {'F1': 0.05, 'F2': 2.637}]]","[0.0, 0.0, 0.0, 0.0, 0.0]"
"[[{'F1': 0.01, 'F2': 0.983}, {'F1': 0.02, 'F2': 1.015}, {'F1': 0.03, 'F2': 1.089}, {'F1': 0.03, 'F2': 1.158}, {'F1': 0.04, 'F2': 1.202}], [{'F1': 0.03, 'F2': 2.83}, {'F1': 0.03, 'F2': 2.64}, {'F1': 0.03, 'F2': 2.72}, {'F1': 0.03, 'F2': 2.59}, {'F1': 0.03, 'F2': 2.71}], [{'F1': 0.01, 'F2': 4.973}, {'F1': 0.01, 'F2': 5.396}, {'F1': 0.02, 'F2': 1.015}, {'F1': 0.02, 'F2': 1.089}, {'F1': 0.01, 'F2': 3.759}], [{'F1': 0.15, 'F2': 4.841}, {'F1': 0.1, 'F2': 4.874}, {'F1': 0.2, 'F2': 4.171}, {'F1': 0.2, 'F2': 3.752}, {'F1': 0.1, 'F2': 1.464}], [{'F1': 0.01, 'F2': 3.517}, {'F1': 0.02, 'F2': 2.293}, {'F1': 0.04, 'F2': 2.527}, {'F1': 0.05, 'F2': 4.763}, {'F1': 0.03, 'F2': 3.59}]]","[0.0, 0.0, 0.0, 0.0, 0.0]"
"[[{'F1': 0.05, 'F2': 3.567}, {'F1': 0.1, 'F2': 4.321}, {'F1': 0.2, 'F2': 4.845}, {'F1': 0.05, 'F2': 2.987}, {'F1': 0.15, 'F2': 3.456}], [{'F1': 0.03, 'F2': 2.293}, {'F1': 0.03, 'F2': 1.151}, {'F1': 0.03, 'F2': 1.089}, {'F1': 0.03, 'F2': 3.517}, {'F1': 0.03, 'F2': 2.527}], [{'F1': 0.01, 'F2': 0.983}, {'F1': 0.02, 'F2': 1.015}, {'F1': 0.01, 'F2': 1.151}, {'F1': 0.01, 'F2': 1.464}, {'F1': 0.01, 'F2': 1.089}], [{'F1': 0.01, 'F2': 1.089}, {'F1': 0.02, 'F2': 1.015}, {'F1': 0.03, 'F2': 1.083}, {'F1': 0.04, 'F2': 1.063}, {'F1': 0.05, 'F2': 1.027}], [{'F1': 0.01, 'F2': 1.123}, {'F1': 0.02, 'F2': 1.234}, {'F1': 0.03, 'F2': 1.345}, {'F1': 0.01, 'F2': 1.045}, {'F1': 0.02, 'F2': 1.156}]]","[0.0, 0.0, 0.0, 0.0, 0.0]"
"[[{'F1': 0.01, 'F2': 0.983}, {'F1': 0.02, 'F2': 1.015}, {'F1': 0.01, 'F2': 1.151}, {'F1': 0.01, 'F2': 1.089}, {'F1': 0.01, 'F2': 1.151}], [{'F1': 0.01, 'F2': 0.983}, {'F1': 0.01, 'F2': 1.151}, {'F1': 0.01, 'F2': 5.396}, {'F1': 0.01, 'F2': 4.364}, {'F1': 0.01, 'F2': 4.973}], [{'F1': 0.01, 'F2': 1.005}, {'F1': 0.01, 'F2': 1.087}, {'F1': 0.01, 'F2': 1.135}, {'F1': 0.01, 'F2': 1.025}, {'F1': 0.01, 'F2': 1.067}], [{'F1': 0.03, 'F2': 2.537}, {'F1': 0.03, 'F2': 2.693}, {'F1': 0.03, 'F2': 2.387}, {'F1': 0.03, 'F2': 2.128}, {'F1': 0.03, 'F2': 2.823}], [{'F1': 0.01, 'F2': 3.517}, {'F1': 0.02, 'F2': 3.59}, {'F1': 0.04, 'F2': 2.623}, {'F1': 0.05, 'F2': 2.637}, {'F1': 0.02, 'F2': 1.015}]]","[0.0, 0.0, 0.0, 0.0, 0.0]"
"[[{'F1': 0.001, 'F2': 1.0}, {'F1': 0.002, 'F2': 1.01}, {'F1': 0.003, 'F2': 1.02}, {'F1': 0.004, 'F2': 1.02}, {'F1': 0.005, 'F2': 1.03}], [{'F1': 0.1, 'F2': 4.874}, {'F1': 0.2, 'F2': 3.752}, {'F1': 0.15, 'F2': 4.841}, {'F1': 0.05, 'F2': 4.763}, {'F1': 0.2, 'F2': 4.171}], [{'F1': 0.3, 'F2': 3.186}, {'F1': 0.2, 'F2': 3.752}, {'F1': 0.2, 'F2': 4.283}, {'F1': 0.1, 'F2': 4.874}, {'F1': 0.05, 'F2': 4.763}], [{'F1': 0.25, 'F2': 3.5}, {'F1': 0.24, 'F2': 3.6}, {'F1': 0.26, 'F2': 3.4}, {'F1': 0.23, 'F2': 3.7}, {'F1': 0.27, 'F2': 3.3}], [{'F1': 0.1, 'F2': 3.5}, {'F1': 0.15, 'F2': 3.8}, {'F1': 0.2, 'F2': 4.0}, {'F1': 0.05, 'F2': 4.5}, {'F1': 0.3, 'F2': 3.0}]]","[0.009306088867807594, 0.0, 0.0, 0.0, 0.0]"
"[[{'F1': 0.1, 'F2': 4.874}, {'F1': 0.2, 'F2': 4.171}, {'F1': 0.05, 'F2': 4.763}, {'F1': 0.15, 'F2': 4.841}, {'F1': 0.2, 'F2': 3.936}], [{'F1': 0.15, 'F2': 4.841}, {'F1': 0.2, 'F2': 4.171}, {'F1': 0.1, 'F2': 4.874}, {'F1': 0.04, 'F2': 2.623}, {'F1': 0.2, 'F2': 3.186}], [{'F1': 0.01, 'F2': 1.0}, {'F1': 0.02, 'F2': 1.5}, {'F1': 0.03, 'F2': 2.0}, {'F1': 0.04, 'F2': 2.5}, {'F1': 0.05, 'F2': 3.0}], [{'F1': 0.4, 'F2': 3.244}, {'F1': 0.2, 'F2': 3.752}, {'F1': 0.5, 'F2': 3.579}, {'F1': 0.3, 'F2': 3.942}, {'F1': 0.6, 'F2': 3.127}], [{'F1': 0.3, 'F2': 3.5}, {'F1': 0.4, 'F2': 3.0}, {'F1': 0.5, 'F2': 2.8}, {'F1': 0.2, 'F2': 4.0}, {'F1': 0.6, 'F2': 2.5}]]","[0.0, 0.0, 0.0, 0.0, 0.0]"
"[[{'F1': 0.001, 'F2': 1.689}, {'F1': 0.01, 'F2': 0.983}, {'F1': 0.02, 'F2': 2.293}, {'F1': 0.05, 'F2': 2.637}, {'F1': 0.1, 'F2': 1.464}], [{'F1': 0.03, 'F2': 1.2}, {'F1': 0.03, 'F2': 1.1}, {'F1': 0.03, 'F2': 1.3}, {'F1': 0.03, 'F2': 1.15}, {'F1': 0.03, 'F2': 1.25}], [{'F1': 0.01, 'F2': 4.0}, {'F1': 0.02, 'F2': 3.8}, {'F1': 0.03, 'F2': 3.6}, {'F1': 0.04, 'F2': 3.4}, {'F1': 0.05, 'F2': 3.2}], [{'F1': 0.005, 'F2': 3.456}, {'F1': 0.015, 'F2': 3.234}, {'F1': 0.025, 'F2': 3.123}, {'F1': 0.035, 'F2': 3.012}, {'F1': 0.045, 'F2': 2.901}], [{'F1': 0.007, 'F2': 1.589}, {'F1': 0.014, 'F2': 1.478}, {'F1': 0.021, 'F2': 1.367}, {'F1': 0.028, 'F2': 1.256}, {'F1': 0.035, 'F2': 1.145}]]","[0.0, 0.0, 0.0, 0.0, 0.0]"
"[[{'F1': 0.05, 'F2': 2.637}, {'F1': 0.05, 'F2': 4.763}, {'F1': 0.05, 'F2': 4.283}, {'F1': 0.05, 'F2': 2.527}, {'F1': 0.05, 'F2': 3.59}], [{'F1': 0.1, 'F2': 4.773}, {'F1': 0.2, 'F2': 4.283}, {'F1': 0.1, 'F2': 4.787}, {'F1': 0.1, 'F2': 4.874}, {'F1': 0.2, 'F2': 4.171}], [{'F1': 0.3, 'F2': 3.5}, {'F1': 0.25, 'F2': 3.8}, {'F1': 0.35, 'F2': 3.2}, {'F1': 0.4, 'F2': 3.0}, {'F1': 0.2, 'F2': 4.0}], [{'F1': 0.001, 'F2': 1.689}, {'F1': 0.002, 'F2': 1.7}, {'F1': 0.001, 'F2': 1.8}, {'F1': 0.001, 'F2': 1.6}, {'F1': 0.001, 'F2': 1.5}], [{'F1': 0.001, 'F2': 1.689}, {'F1': 0.002, 'F2': 1.151}, {'F1': 0.003, 'F2': 1.089}, {'F1': 0.004, 'F2': 1.015}, {'F1': 0.005, 'F2': 1.089}]]","[0.0, 0.0, 0.0, 0.0, 0.0]"
"[[{'F1': 0.01, 'F2': 3.517}, {'F1': 0.02, 'F2': 2.293}, {'F1': 0.02, 'F2': 1.015}, {'F1': 0.05, 'F2': 4.63}, {'F1': 0.04, 'F2': 1.089}], [{'F1': 0.001, 'F2': 0.977}, {'F1': 0.001, 'F2': 1.015}, {'F1': 0.001, 'F2': 1.689}, {'F1': 0.002, 'F2': 2.5}, {'F1': 0.002, 'F2': 3.0}], [{'F1': 0.05, 'F2': 3.5}, {'F1': 0.1, 'F2': 3.0}, {'F1': 0.15, 'F2': 2.8}, {'F1': 0.2, 'F2': 2.5}, {'F1': 0.25, 'F2': 2.2}], [{'F1': 0.001, 'F2': 0.977}, {'F1': 0.002, 'F2': 1.089}, {'F1': 0.003, 'F2': 1.151}, {'F1': 0.004, 'F2': 1.131}, {'F1': 0.005, 'F2': 1.015}], [{'F1': 0.001, 'F2': 0.977}, {'F1': 0.002, 'F2': 1.015}, {'F1': 0.003, 'F2': 1.689}, {'F1': 0.004, 'F2': 2.527}, {'F1': 0.005, 'F2': 2.637}]]","[0.0, 0.0, 0.0, 0.0, 0.0]"
"[[{'F1': 0.01, 'F2': 3.517}, {'F1': 0.02, 'F2': 2.293}, {'F1': 0.03, 'F2': 1.689}, {'F1': 0.04, 'F2': 1.089}, {'F1': 0.05, 'F2': 2.637}], [{'F1': 0.2, 'F2': 3.586}, {'F1': 0.25, 'F2': 3.541}, {'F1': 0.15, 'F2': 4.234}, {'F1': 0.3, 'F2': 3.123}, {'F1': 0.1, 'F2': 3.892}], [{'F1': 0.3, 'F2': 3.5}, {'F1': 0.3, 'F2': 3.6}, {'F1': 0.3, 'F2': 3.3}, {'F1': 0.3, 'F2': 3.8}, {'F1': 0.3, 'F2': 3.4}], [{'F1': 0.01, 'F2': 2.913}, {'F1': 0.02, 'F2': 3.59}, {'F1': 0.03, 'F2': 3.127}, {'F1': 0.04, 'F2': 1.089}, {'F1': 0.05, 'F2': 4.63}], [{'F1': 0.001, 'F2': 1.689}, {'F1': 0.001, 'F2': 0.977}, {'F1': 0.002, 'F2': 1.015}, {'F1': 0.01, 'F2': 5.019}, {'F1': 0.01, 'F2': 4.364}]]","[0.0, 0.0, 0.0, 0.0, 0.0]"
"[[{'F1': 0.0, 'F2': 0.977}, {'F1': 0.0, 'F2': 1.015}, {'F1': 0.0, 'F2': 1.089}, {'F1': 0.0, 'F2': 1.151}, {'F1': 0.0, 'F2': 1.689}], [{'F1': 0.001, 'F2': 0.977}, {'F1': 0.002, 'F2': 1.015}, {'F1': 0.003, 'F2': 1.051}, {'F1': 0.004, 'F2': 1.089}, {'F1': 0.005, 'F2': 1.131}], [{'F1': 0.99, 'F2': 6.0}, {'F1': 0.99, 'F2': 5.5}, {'F1': 0.99, 'F2': 5.8}, {'F1': 0.99, 'F2': 5.2}, {'F1': 0.99, 'F2': 5.7}], [{'F1': 0.001, 'F2': 1.007}, {'F1': 0.002, 'F2': 1.123}, {'F1': 0.003, 'F2': 1.234}, {'F1': 0.004, 'F2': 1.345}, {'F1': 0.005, 'F2': 1.456}], [{'F1': 0.01, 'F2': 1.089}, {'F1': 0.01, 'F2': 1.151}, {'F1': 0.01, 'F2': 1.015}, {'F1': 0.01, 'F2': 0.983}, {'F1': 0.01, 'F2': 0.977}]]","[0.0011672257675641173, 0.0, 0.0, 0.0, 0.0]"
"[[{'F1': 0.25, 'F2': 3.5}, {'F1': 0.3, 'F2': 3.2}, {'F1': 0.2, 'F2': 3.8}, {'F1': 0.15, 'F2': 3.9}, {'F1': 0.1, 'F2': 4.0}], [{'F1': 0.05, 'F2': 3.5}, {'F1': 0.1, 'F2': 3.0}, {'F1': 0.15, 'F2': 2.8}, {'F1': 0.2, 'F2': 2.5}, {'F1': 0.25, 'F2': 2.2}], [{'F1': 0.15, 'F2': 3.5}, {'F1': 0.1, 'F2': 3.9}, {'F1': 0.2, 'F2': 4.2}, {'F1': 0.25, 'F2': 4.0}, {'F1': 0.3, 'F2': 4.5}], [{'F1': 0.1, 'F2': 4.874}, {'F1': 0.15, 'F2': 4.841}, {'F1': 0.2, 'F2': 4.171}, {'F1': 0.05, 'F2': 4.763}, {'F1': 0.1, 'F2': 4.773}], [{'F1': 0.01, 'F2': 1.015}, {'F1': 0.01, 'F2': 1.089}, {'F1': 0.01, 'F2': 1.151}, {'F1': 0.01, 'F2': 1.689}, {'F1': 0.01, 'F2': 1.464}]]","[0.0, 0.0, 0.0, 0.0, 0.0]"
"[[{'F1': 0.05, 'F2': 1.131}, {'F1': 0.05, 'F2': 2.637}, {'F1': 0.05, 'F2': 4.763}, {'F1': 0.05, 'F2': 1.015}, {'F1': 0.05, 'F2': 2.527}], [{'F1': 0.01, 'F2': 1.015}, {'F1': 0.03, 'F2': 1.35}, {'F1': 0.03, 'F2': 1.2}, {'F1': 0.02, 'F2': 1.089}, {'F1': 0.02, 'F2': 1.1}], [{'F1': 0.001, 'F2': 2.978}, {'F1': 0.001, 'F2': 3.123}, {'F1': 0.001, 'F2': 1.876}, {'F1': 0.001, 'F2': 4.235}, {'F1': 0.001, 'F2': 5.067}], [{'F1': 0.001, 'F2': 1.689}, {'F1': 0.001, 'F2': 0.977}, {'F1': 0.001, 'F2': 1.0}, {'F1': 0.001, 'F2': 0.985}, {'F1': 0.001, 'F2': 0.983}], [{'F1': 0.1, 'F2': 3.5}, {'F1': 0.1, 'F2': 3.4}, {'F1': 0.1, 'F2': 3.6}, {'F1': 0.1, 'F2': 3.3}, {'F1': 0.1, 'F2': 3.7}]]","[0.0, 0.0, 0.0, 0.0, 0.0]"
"[[{'F1': 0.001, 'F2': 0.977}, {'F1': 0.005, 'F2': 1.015}, {'F1': 0.005, 'F2': 1.0}, {'F1': 0.005, 'F2': 1.1}, {'F1': 0.005, 'F2': 1.2}], [{'F1': 0.001, 'F2': 1.0}, {'F1': 0.003, 'F2': 1.5}, {'F1': 0.005, 'F2': 2.0}, {'F1': 0.007, 'F2': 2.5}, {'F1': 0.01, 'F2': 3.0}], [{'F1': 0.001, 'F2': 1.001}, {'F1': 0.002, 'F2': 1.002}, {'F1': 0.003, 'F2': 1.003}, {'F1': 0.004, 'F2': 1.004}, {'F1': 0.005, 'F2': 1.005}], [{'F1': 0.01, 'F2': 1.021}, {'F1': 0.02, 'F2': 1.543}, {'F1': 0.03, 'F2': 2.034}, {'F1': 0.04, 'F2': 2.512}, {'F1': 0.05, 'F2': 3.062}], [{'F1': 0.02, 'F2': 2.281}, {'F1': 0.04, 'F2': 2.623}, {'F1': 0.05, 'F2': 2.637}, {'F1': 0.01, 'F2': 2.913}, {'F1': 0.03, 'F2': 2.527}]]","[0.0, 0.0, 0.0, 0.0, 0.0]"
"[[{'F1': 0.01, 'F2': 1.051}, {'F1': 0.01, 'F2': 1.031}, {'F1': 0.01, 'F2': 1.021}, {'F1': 0.01, 'F2': 1.041}, {'F1': 0.01, 'F2': 1.061}], [{'F1': 0.005, 'F2': 0.972}, {'F1': 0.005, 'F2': 1.089}, {'F1': 0.005, 'F2': 1.015}, {'F1': 0.005, 'F2': 1.151}, {'F1': 0.005, 'F2': 0.983}], [{'F1': 0.01, 'F2': 2.913}, {'F1': 0.01, 'F2': 1.159}, {'F1': 0.01, 'F2': 0.972}, {'F1': 0.01, 'F2': 1.015}, {'F1': 0.01, 'F2': 2.281}], [{'F1': 0.1, 'F2': 4.874}, {'F1': 0.2, 'F2': 4.171}, {'F1': 0.3, 'F2': 3.752}, {'F1': 0.05, 'F2': 1.159}, {'F1': 0.01, 'F2': 1.015}], [{'F1': 0.0, 'F2': 1.0}, {'F1': 0.1, 'F2': 4.171}, {'F1': 0.2, 'F2': 3.186}, {'F1': 0.3, 'F2': 3.942}, {'F1': 0.4, 'F2': 3.244}]]","[0.0, 0.0, 0.0, 0.0, 0.0]"
"[[{'F1': 0.1, 'F2': 4.787}, {'F1': 0.1, 'F2': 4.874}, {'F1': 0.1, 'F2': 4.283}, {'F1': 0.1, 'F2': 1.464}, {'F1': 0.1, 'F2': 3.936}], [{'F1': 0.3, 'F2': 3.5}, {'F1': 0.3, 'F2': 3.7}, {'F1': 0.3, 'F2': 3.8}, {'F1': 0.3, 'F2': 3.6}, {'F1': 0.3, 'F2': 3.4}], [{'F1': 0.04, 'F2': 2.623}, {'F1': 0.05, 'F2': 2.637}, {'F1': 0.06, 'F2': 2.281}, {'F1': 0.07, 'F2': 2.913}, {'F1': 0.08, 'F2': 2.527}], [{'F1': 0.002, 'F2': 1.678}, {'F1': 0.003, 'F2': 1.546}, {'F1': 0.004, 'F2': 1.412}, {'F1': 0.005, 'F2': 1.285}, {'F1': 0.006, 'F2': 1.165}], [{'F1': 0.05, 'F2': 2.637}, {'F1': 0.1, 'F2': 4.773}, {'F1': 0.15, 'F2': 4.841}, {'F1': 0.2, 'F2': 3.186}, {'F1': 0.3, 'F2': 1.858}]]","[0.0, 0.0, 0.0, 0.0, 0.0]"
"[[{'F1': 0.01, 'F2': 2.281}, {'F1': 0.01, 'F2': 3.517}, {'F1': 0.01, 'F2': 3.759}, {'F1': 0.01, 'F2': 4.364}, {'F1': 0.01, 'F2': 1.015}], [{'F1': 0.03, 'F2': 2.96}, {'F1': 0.03, 'F2': 2.5}, {'F1': 0.03, 'F2': 3.1}, {'F1': 0.03, 'F2': 2.7}, {'F1': 0.03, 'F2': 2.8}], [{'F1': 0.001, 'F2': 1.0}, {'F1': 0.002, 'F2': 0.978}, {'F1': 0.003, 'F2': 0.976}, {'F1': 0.004, 'F2': 0.975}, {'F1': 0.005, 'F2': 0.974}], [{'F1': 0.005, 'F2': 1.002}, {'F1': 0.005, 'F2': 1.045}, {'F1': 0.005, 'F2': 1.067}, {'F1': 0.005, 'F2': 1.021}, {'F1': 0.005, 'F2': 0.998}], [{'F1': 0.1, 'F2': 1.5}, {'F1': 0.1, 'F2': 1.3}, {'F1': 0.1, 'F2': 1.7}, {'F1': 0.1, 'F2': 1.4}, {'F1': 0.1, 'F2': 1.6}]]","[0.0, 0.0, 0.0, 0.0, 0.0]"
"[[{'F1': 0.1, 'F2': 4.44}, {'F1': 0.15, 'F2': 4.841}, {'F1': 0.2, 'F2': 4.171}, {'F1': 0.05, 'F2': 1.131}, {'F1': 0.01, 'F2': 1.651}], [{'F1': 0.03, 'F2': 2.201}, {'F1': 0.03, 'F2': 2.187}, {'F1': 0.03, 'F2': 2.3}, {'F1': 0.03, 'F2': 2.45}, {'F1': 0.03, 'F2': 2.6}], [{'F1': 0.01, 'F2': 1.0}, {'F1': 0.01, 'F2': 0.985}, {'F1': 0.01, 'F2': 0.983}, {'F1': 0.01, 'F2': 1.015}, {'F1': 0.01, 'F2': 0.972}], [{'F1': 0.05, 'F2': 1.2}, {'F1': 0.05, 'F2': 1.3}, {'F1': 0.05, 'F2': 1.4}, {'F1': 0.05, 'F2': 1.5}, {'F1': 0.05, 'F2': 1.6}], [{'F1': 0.005, 'F2': 2.5}, {'F1': 0.01, 'F2': 2.3}, {'F1': 0.015, 'F2': 2.1}, {'F1': 0.02, 'F2': 1.9}, {'F1': 0.025, 'F2': 1.7}]]","[0.0, 0.0, 0.0, 0.0, 0.0]"
"[[{'F1': 0.03, 'F2': 2.0}, {'F1': 0.03, 'F2': 2.1}, {'F1': 0.03, 'F2': 1.9}, {'F1': 0.03, 'F2': 2.2}, {'F1': 0.03, 'F2': 1.8}], [{'F1': 0.2, 'F2': 3.5}, {'F1': 0.25, 'F2': 3.2}, {'F1': 0.3, 'F2': 3.0}, {'F1': 0.35, 'F2': 2.8}, {'F1': 0.4, 'F2': 2.5}], [{'F1': 0.15, 'F2': 4.5}, {'F1': 0.15, 'F2': 4.2}, {'F1': 0.15, 'F2': 4.7}, {'F1': 0.15, 'F2': 4.3}, {'F1': 0.15, 'F2': 4.6}], [{'F1': 0.1, 'F2': 4.657}, {'F1': 0.2, 'F2': 4.171}, {'F1': 0.3, 'F2': 3.942}, {'F1': 0.05, 'F2': 4.63}, {'F1': 0.4, 'F2': 3.936}], [{'F1': 0.005, 'F2': 1.012}, {'F1': 0.005, 'F2': 1.008}, {'F1': 0.005, 'F2': 1.015}, {'F1': 0.005, 'F2': 1.005}, {'F1': 0.005, 'F2': 1.01}]]","[0.0, 0.0, 0.0, 0.0, 0.0]"
"[[{'F1': 0.01, 'F2': 2.913}, {'F1': 0.02, 'F2': 1.051}, {'F1': 0.03, 'F2': 1.689}, {'F1': 0.04, 'F2': 1.089}, {'F1': 0.05, 'F2': 1.131}], [{'F1': 0.005, 'F2': 1.123}, {'F1': 0.015, 'F2': 1.072}, {'F1': 0.025, 'F2': 1.034}, {'F1': 0.035, 'F2': 1.012}, {'F1': 0.045, 'F2': 0.998}], [{'F1': 0.02, 'F2': 1.015}, {'F1': 0.01, 'F2': 0.983}, {'F1': 0.01, 'F2': 1.051}, {'F1': 0.01, 'F2': 1.089}, {'F1': 0.01, 'F2': 1.131}], [{'F1': 0.002, 'F2': 1.045}, {'F1': 0.005, 'F2': 1.098}, {'F1': 0.008, 'F2': 1.123}, {'F1': 0.012, 'F2': 1.067}, {'F1': 0.015, 'F2': 1.092}], [{'F1': 0.01, 'F2': 3.517}, {'F1': 0.01, 'F2': 1.651}, {'F1': 0.01, 'F2': 3.759}, {'F1': 0.01, 'F2': 2.281}, {'F1': 0.01, 'F2': 4.364}]]","[0.0, 0.0, 0.0, 0.0, 0.0]"
"[[{'F1': 0.02, 'F2': 3.59}, {'F1': 0.01, 'F2': 2.281}, {'F1': 0.03, 'F2': 1.051}, {'F1': 0.04, 'F2': 1.089}, {'F1': 0.02, 'F2': 2.913}], [{'F1': 0.2, 'F2': 3.752}, {'F1': 0.3, 'F2': 3.942}, {'F1': 0.4, 'F2': 3.936}, {'F1': 0.1, 'F2': 4.657}, {'F1': 0.2, 'F2': 4.171}], [{'F1': 0.05, 'F2': 2.637}, {'F1': 0.06, 'F2': 2.623}, {'F1': 0.07, 'F2': 2.527}, {'F1': 0.08, 'F2': 2.442}, {'F1': 0.09, 'F2': 2.371}], [{'F1': 0.005, 'F2': 0.972}, {'F1': 0.005, 'F2': 0.983}, {'F1': 0.001, 'F2': 0.977}, {'F1': 0.01, 'F2': 1.015}, {'F1': 0.01, 'F2': 1.051}], [{'F1': 0.1, 'F2': 4.44}, {'F1': 0.2, 'F2': 3.752}, {'F1': 0.3, 'F2': 3.969}, {'F1': 0.4, 'F2': 3.579}, {'F1': 0.0, 'F2': 1.0}]]","[0.0, 0.0, 0.0, 0.0, 0.0]"
"[[{'F1': 0.01, 'F2': 1.059}, {'F1': 0.01, 'F2': 1.151}, {'F1': 0.01, 'F2': 1.587}, {'F1': 0.01, 'F2': 1.888}, {'F1': 0.01, 'F2': 1.464}], [{'F1': 0.02, 'F2': 2.293}, {'F1': 0.03, 'F2': 1.051}, {'F1': 0.04, 'F2': 1.089}, {'F1': 0.05, 'F2': 1.131}, {'F1': 0.01, 'F2': 1.151}], [{'F1': 0.01, 'F2': 1.051}, {'F1': 0.1, 'F2': 4.657}, {'F1': 0.05, 'F2': 2.637}, {'F1': 0.2, 'F2': 3.752}, {'F1': 0.2, 'F2': 4.283}], [{'F1': 0.001, 'F2': 0.977}, {'F1': 0.01, 'F2': 1.089}, {'F1': 0.02, 'F2': 1.051}, {'F1': 0.005, 'F2': 0.972}, {'F1': 0.01, 'F2': 1.015}], [{'F1': 0.001, 'F2': 1.689}, {'F1': 0.002, 'F2': 1.688}, {'F1': 0.003, 'F2': 1.685}, {'F1': 0.004, 'F2': 1.684}, {'F1': 0.005, 'F2': 1.68}]]","[0.0, 0.0, 0.0, 0.0, 0.0]"
"[[{'F1': 0.01, 'F2': 1.888}, {'F1': 0.01, 'F2': 1.059}, {'F1': 0.01, 'F2': 0.983}, {'F1': 0.01, 'F2': 1.065}, {'F1': 0.02, 'F2': 1.015}], [{'F1': 0.1, 'F2': 4.657}, {'F1': 0.15, 'F2': 4.841}, {'F1': 0.2, 'F2': 3.752}, {'F1': 0.05, 'F2': 4.763}, {'F1': 0.2, 'F2': 3.936}], [{'F1': 0.1, 'F2': 4.44}, {'F1': 0.2, 'F2': 4.17}, {'F1': 0.1, 'F2': 4.78}, {'F1': 0.2, 'F2': 3.18}, {'F1': 0.05, 'F2': 4.76}], [{'F1': 0.001, 'F2': 1.0}, {'F1': 0.001, 'F2': 1.1}, {'F1': 0.001, 'F2': 1.05}, {'F1': 0.001, 'F2': 1.02}, {'F1': 0.001, 'F2': 1.03}], [{'F1': 0.01, 'F2': 1.051}, {'F1': 0.01, 'F2': 1.065}, {'F1': 0.01, 'F2': 0.983}, {'F1': 0.01, 'F2': 1.059}, {'F1': 0.01, 'F2': 1.131}]]","[0.0, 0.0, 0.0, 0.0, 0.0]"
"[[{'F1': 0.003, 'F2': 0.974}, {'F1': 0.002, 'F2': 0.978}, {'F1': 0.004, 'F2': 0.97}, {'F1': 0.001, 'F2': 0.976}, {'F1': 0.003, 'F2': 0.975}], [{'F1': 0.001, 'F2': 0.977}, {'F1': 0.002, 'F2': 1.015}, {'F1': 0.002, 'F2': 1.051}, {'F1': 0.002, 'F2': 1.062}, {'F1': 0.002, 'F2': 1.089}], [{'F1': 0.004, 'F2': 1.005}, {'F1': 0.004, 'F2': 1.045}, {'F1': 0.004, 'F2': 1.025}, {'F1': 0.004, 'F2': 1.012}, {'F1': 0.004, 'F2': 1.03}], [{'F1': 0.1, 'F2': 4.283}, {'F1': 0.15, 'F2': 4.841}, {'F1': 0.2, 'F2': 4.171}, {'F1': 0.05, 'F2': 2.637}, {'F1': 0.1, 'F2': 4.657}], [{'F1': 0.005, 'F2': 0.972}, {'F1': 0.01, 'F2': 1.051}, {'F1': 0.015, 'F2': 1.123}, {'F1': 0.02, 'F2': 1.189}, {'F1': 0.025, 'F2': 1.261}]]","[1.4466352675768235e-06, 0.0, 0.0, 0.0, 0.0]"
"[[{'F1': 0.003, 'F2': 0.971}, {'F1': 0.004, 'F2': 1.024}, {'F1': 0.005, 'F2': 1.051}, {'F1': 0.006, 'F2': 1.083}, {'F1': 0.007, 'F2': 1.121}], [{'F1': 0.01, 'F2': 1.059}, {'F1': 0.01, 'F2': 1.065}, {'F1': 0.01, 'F2': 1.051}, {'F1': 0.01, 'F2': 1.062}, {'F1': 0.01, 'F2': 0.977}], [{'F1': 0.005, 'F2': 1.034}, {'F1': 0.02, 'F2': 1.257}, {'F1': 0.015, 'F2': 1.155}, {'F1': 0.01, 'F2': 1.098}, {'F1': 0.03, 'F2': 1.101}], [{'F1': 0.01, 'F2': 1.051}, {'F1': 0.01, 'F2': 1.062}, {'F1': 0.01, 'F2': 1.065}, {'F1': 0.01, 'F2': 1.059}, {'F1': 0.02, 'F2': 1.015}], [{'F1': 0.001, 'F2': 1.689}, {'F1': 0.002, 'F2': 1.651}, {'F1': 0.003, 'F2': 1.051}, {'F1': 0.004, 'F2': 1.062}, {'F1': 0.005, 'F2': 1.159}]]","[0.0, 0.0, 0.0, 0.0, 0.0]"
"[[{'F1': 0.06, 'F2': 2.412}, {'F1': 0.06, 'F2': 2.568}, {'F1': 0.06, 'F2': 2.763}, {'F1': 0.06, 'F2': 2.198}, {'F1': 0.06, 'F2': 2.487}], [{'F1': 0.005, 'F2': 1.072}, {'F1': 0.007, 'F2': 1.065}, {'F1': 0.009, 'F2': 1.058}, {'F1': 0.011, 'F2': 1.051}, {'F1': 0.013, 'F2': 1.044}], [{'F1': 0.002, 'F2': 1.001}, {'F1': 0.004, 'F2': 1.002}, {'F1': 0.006, 'F2': 1.003}, {'F1': 0.008, 'F2': 1.004}, {'F1': 0.01, 'F2': 1.005}], [{'F1': 0.001, 'F2': 0.971}, {'F1': 0.002, 'F2': 0.975}, {'F1': 0.001, 'F2': 1.015}, {'F1': 0.002, 'F2': 1.059}, {'F1': 0.001, 'F2': 1.103}], [{'F1': 0.001, 'F2': 1.012}, {'F1': 0.002, 'F2': 1.023}, {'F1': 0.003, 'F2': 1.034}, {'F1': 0.004, 'F2': 1.045}, {'F1': 0.005, 'F2': 1.056}]]","[0.0, 0.0, 0.0, 0.0, 0.0]"
"[[{'F1': 0.02, 'F2': 1.587}, {'F1': 0.02, 'F2': 2.527}, {'F1': 0.03, 'F2': 1.051}, {'F1': 0.01, 'F2': 2.913}, {'F1': 0.04, 'F2': 1.179}], [{'F1': 0.005, 'F2': 1.103}, {'F1': 0.005, 'F2': 1.159}, {'F1': 0.005, 'F2': 0.972}, {'F1': 0.005, 'F2': 1.065}, {'F1': 0.005, 'F2': 0.985}], [{'F1': 0.002, 'F2': 0.976}, {'F1': 0.002, 'F2': 0.978}, {'F1': 0.002, 'F2': 0.975}, {'F1': 0.002, 'F2': 0.974}, {'F1': 0.002, 'F2': 0.979}], [{'F1': 0.01, 'F2': 1.015}, {'F1': 0.01, 'F2': 1.059}, {'F1': 0.01, 'F2': 1.062}, {'F1': 0.01, 'F2': 1.065}, {'F1': 0.01, 'F2': 1.089}], [{'F1': 0.001, 'F2': 1.032}, {'F1': 0.002, 'F2': 1.029}, {'F1': 0.003, 'F2': 1.025}, {'F1': 0.004, 'F2': 1.021}, {'F1': 0.005, 'F2': 1.018}]]","[0.0, 0.0, 1.5065711922446212e-07, 0.0, 0.0]"
"[[{'F1': 0.015, 'F2': 1.045}, {'F1': 0.015, 'F2': 1.067}, {'F1': 0.015, 'F2': 1.123}, {'F1': 0.015, 'F2': 1.005}, {'F1': 0.015, 'F2': 1.08}], [{'F1': 0.007, 'F2': 1.012}, {'F1': 0.007, 'F2': 1.021}, {'F1': 0.007, 'F2': 1.003}, {'F1': 0.007, 'F2': 1.015}, {'F1': 0.007, 'F2': 1.005}], [{'F1': 0.005, 'F2': 0.972}, {'F1': 0.006, 'F2': 0.975}, {'F1': 0.007, 'F2': 0.978}, {'F1': 0.008, 'F2': 0.98}, {'F1': 0.004, 'F2': 0.97}], [{'F1': 0.001, 'F2': 1.105}, {'F1': 0.003, 'F2': 1.088}, {'F1': 0.005, 'F2': 1.067}, {'F1': 0.007, 'F2': 1.046}, {'F1': 0.009, 'F2': 1.025}], [{'F1': 0.001, 'F2': 0.977}, {'F1': 0.002, 'F2': 0.973}, {'F1': 0.003, 'F2': 0.971}, {'F1': 0.004, 'F2': 0.97}, {'F1': 0.005, 'F2': 0.968}]]","[0.0, 0.0, 0.0, 0.0, 0.0]"
"[[{'F1': 0.007, 'F2': 1.005}, {'F1': 0.008, 'F2': 1.012}, {'F1': 0.009, 'F2': 1.02}, {'F1': 0.01, 'F2': 1.028}, {'F1': 0.011, 'F2': 1.035}], [{'F1': 0.004, 'F2': 1.05}, {'F1': 0.004, 'F2': 1.02}, {'F1': 0.004, 'F2': 1.01}, {'F1': 0.004, 'F2': 1.03}, {'F1': 0.004, 'F2': 1.04}], [{'F1': 0.07, 'F2': 2.5}, {'F1': 0.08, 'F2': 2.3}, {'F1': 0.09, 'F2': 2.1}, {'F1': 0.1, 'F2': 1.9}, {'F1': 0.11, 'F2': 1.8}], [{'F1': 0.002, 'F2': 0.973}, {'F1': 0.002, 'F2': 1.051}, {'F1': 0.002, 'F2': 1.103}, {'F1': 0.003, 'F2': 0.971}, {'F1': 0.003, 'F2': 0.977}], [{'F1': 0.1, 'F2': 4.44}, {'F1': 0.1, 'F2': 4.657}, {'F1': 0.1, 'F2': 4.874}, {'F1': 0.1, 'F2': 4.773}, {'F1': 0.1, 'F2': 4.787}]]","[0.0, 0.0, 0.0, 0.0, 0.0]"
"[[{'F1': 0.01, 'F2': 1.059}, {'F1': 0.01, 'F2': 1.065}, {'F1': 0.01, 'F2': 1.088}, {'F1': 0.01, 'F2': 1.051}, {'F1': 0.01, 'F2': 1.003}], [{'F1': 0.001, 'F2': 0.977}, {'F1': 0.002, 'F2': 0.973}, {'F1': 0.003, 'F2': 0.971}, {'F1': 0.004, 'F2': 0.97}, {'F1': 0.005, 'F2': 0.965}], [{'F1': 0.001, 'F2': 1.045}, {'F1': 0.002, 'F2': 1.025}, {'F1': 0.003, 'F2': 1.015}, {'F1': 0.004, 'F2': 1.005}, {'F1': 0.0005, 'F2': 1.055}], [{'F1': 0.001, 'F2': 1.005}, {'F1': 0.002, 'F2': 1.003}, {'F1': 0.003, 'F2': 1.002}, {'F1': 0.004, 'F2': 1.001}, {'F1': 0.005, 'F2': 1.0}], [{'F1': 0.01, 'F2': 1.065}, {'F1': 0.01, 'F2': 1.051}, {'F1': 0.01, 'F2': 1.062}, {'F1': 0.01, 'F2': 1.059}, {'F1': 0.01, 'F2': 1.079}]]","[0.0, 0.0, 0.0, 0.0, 0.0]"
"[[{'F1': 0.001, 'F2': 0.973}, {'F1': 0.001, 'F2': 0.985}, {'F1': 0.001, 'F2': 1.003}, {'F1': 0.001, 'F2': 1.065}, {'F1': 0.001, 'F2': 1.051}], [{'F1': 0.3, 'F2': 3.186}, {'F1': 0.3, 'F2': 3.579}, {'F1': 0.3, 'F2': 3.752}, {'F1': 0.3, 'F2': 3.936}, {'F1': 0.3, 'F2': 3.127}], [{'F1': 0.001, 'F2': 0.977}, {'F1': 0.002, 'F2': 0.973}, {'F1': 0.003, 'F2': 0.971}, {'F1': 0.004, 'F2': 0.97}, {'F1': 0.005, 'F2': 0.968}], [{'F1': 0.15, 'F2': 4.5}, {'F1': 0.15, 'F2': 4.3}, {'F1': 0.15, 'F2': 4.1}, {'F1': 0.15, 'F2': 4.7}, {'F1': 0.15, 'F2': 4.9}], [{'F1': 0.001, 'F2': 0.973}, {'F1': 0.002, 'F2': 0.975}, {'F1': 0.003, 'F2': 0.976}, {'F1': 0.004, 'F2': 0.978}, {'F1': 0.005, 'F2': 0.979}]]","[0.0, 0.0, 0.0, 0.0, 0.0]"
"[[{'F1': 0.006, 'F2': 0.972}, {'F1': 0.007, 'F2': 0.971}, {'F1': 0.008, 'F2': 0.97}, {'F1': 0.009, 'F2': 0.969}, {'F1': 0.01, 'F2': 0.968}], [{'F1': 0.005, 'F2': 1.011}, {'F1': 0.006, 'F2': 1.012}, {'F1': 0.007, 'F2': 1.013}, {'F1': 0.008, 'F2': 1.014}, {'F1': 0.009, 'F2': 1.015}], [{'F1': 0.007, 'F2': 1.103}, {'F1': 0.008, 'F2': 1.105}, {'F1': 0.006, 'F2': 1.101}, {'F1': 0.009, 'F2': 1.107}, {'F1': 0.005, 'F2': 1.099}], [{'F1': 0.004, 'F2': 1.008}, {'F1': 0.004, 'F2': 1.025}, {'F1': 0.004, 'F2': 1.012}, {'F1': 0.004, 'F2': 1.015}, {'F1': 0.004, 'F2': 1.02}], [{'F1': 0.001, 'F2': 1.689}, {'F1': 0.001, 'F2': 0.977}, {'F1': 0.002, 'F2': 0.973}, {'F1': 0.003, 'F2': 1.103}, {'F1': 0.004, 'F2': 1.115}]]","[0.0002691162491443855, 0.0, 0.0, 0.0, 0.0]"
"[[{'F1': 0.004, 'F2': 0.973}, {'F1': 0.004, 'F2': 1.1}, {'F1': 0.004, 'F2': 1.05}, {'F1': 0.004, 'F2': 1.1}, {'F1': 0.004, 'F2': 1.1}], [{'F1': 0.0005, 'F2': 0.973}, {'F1': 0.001, 'F2': 0.978}, {'F1': 0.002, 'F2': 0.971}, {'F1': 0.003, 'F2': 1.105}, {'F1': 0.004, 'F2': 1.062}], [{'F1': 0.003, 'F2': 0.972}, {'F1': 0.004, 'F2': 1.105}, {'F1': 0.002, 'F2': 0.973}, {'F1': 0.001, 'F2': 0.985}, {'F1': 0.005, 'F2': 1.159}], [{'F1': 0.001, 'F2': 1.004}, {'F1': 0.001, 'F2': 1.051}, {'F1': 0.001, 'F2': 1.078}, {'F1': 0.001, 'F2': 1.099}, {'F1': 0.001, 'F2': 1.123}], [{'F1': 0.002, 'F2': 0.973}, {'F1': 0.003, 'F2': 1.103}, {'F1': 0.004, 'F2': 1.089}, {'F1': 0.005, 'F2': 0.972}, {'F1': 0.006, 'F2': 1.103}]]","[0.0, 0.0, 0.0, 0.0, 0.0]"
"[[{'F1': 0.001, 'F2': 0.973}, {'F1': 0.002, 'F2': 0.971}, {'F1': 0.003, 'F2': 1.103}, {'F1': 0.004, 'F2': 0.971}, {'F1': 0.005, 'F2': 0.972}], [{'F1': 0.006, 'F2': 1.103}, {'F1': 0.007, 'F2': 1.105}, {'F1': 0.005, 'F2': 0.972}, {'F1': 0.006, 'F2': 1.089}, {'F1': 0.008, 'F2': 1.115}], [{'F1': 0.009, 'F2': 1.016}, {'F1': 0.008, 'F2': 1.014}, {'F1': 0.007, 'F2': 1.012}, {'F1': 0.006, 'F2': 1.01}, {'F1': 0.005, 'F2': 1.008}], [{'F1': 0.007, 'F2': 1.105}, {'F1': 0.008, 'F2': 1.098}, {'F1': 0.006, 'F2': 1.11}, {'F1': 0.009, 'F2': 1.087}, {'F1': 0.005, 'F2': 1.115}], [{'F1': 0.001, 'F2': 0.977}, {'F1': 0.002, 'F2': 0.973}, {'F1': 0.003, 'F2': 0.971}, {'F1': 0.004, 'F2': 0.971}, {'F1': 0.005, 'F2': 0.972}]]","[0.0, 0.0, 0.0, 0.0, 0.0]"
"[[{'F1': 0.01, 'F2': 2.281}, {'F1': 0.01, 'F2': 3.759}, {'F1': 0.02, 'F2': 1.587}, {'F1': 0.01, 'F2': 1.179}, {'F1': 0.02, 'F2': 3.59}], [{'F1': 0.002, 'F2': 0.973}, {'F1': 0.003, 'F2': 1.105}, {'F1': 0.004, 'F2': 1.179}, {'F1': 0.005, 'F2': 0.972}, {'F1': 0.001, 'F2': 0.978}], [{'F1': 0.03, 'F2': 1.051}, {'F1': 0.03, 'F2': 2.293}, {'F1': 0.03, 'F2': 4.973}, {'F1': 0.03, 'F2': 3.59}, {'F1': 0.03, 'F2': 2.527}], [{'F1': 0.001, 'F2': 0.978}, {'F1': 0.002, 'F2': 0.973}, {'F1': 0.003, 'F2': 0.971}, {'F1': 0.004, 'F2': 0.971}, {'F1': 0.005, 'F2': 0.972}], [{'F1': 0.001, 'F2': 0.973}, {'F1': 0.002, 'F2': 0.978}, {'F1': 0.003, 'F2': 0.974}, {'F1': 0.004, 'F2': 0.976}, {'F1': 0.005, 'F2': 0.972}]]","[0.0, 0.0, 0.0, 0.0, 0.0]"
"[[{'F1': 0.001, 'F2': 0.977}, {'F1': 0.001, 'F2': 0.978}, {'F1': 0.002, 'F2': 0.973}, {'F1': 0.001, 'F2': 0.971}, {'F1': 0.002, 'F2': 1.051}], [{'F1': 0.008, 'F2': 1.042}, {'F1': 0.008, 'F2': 1.045}, {'F1': 0.008, 'F2': 1.038}, {'F1': 0.008, 'F2': 1.05}, {'F1': 0.008, 'F2': 1.048}], [{'F1': 0.007, 'F2': 1.1}, {'F1': 0.008, 'F2': 1.2}, {'F1': 0.006, 'F2': 1.05}, {'F1': 0.009, 'F2': 1.15}, {'F1': 0.005, 'F2': 1.0}], [{'F1': 0.001, 'F2': 0.971}, {'F1': 0.001, 'F2': 1.059}, {'F1': 0.001, 'F2': 1.174}, {'F1': 0.001, 'F2': 1.048}, {'F1': 0.001, 'F2': 0.978}], [{'F1': 0.001, 'F2': 0.973}, {'F1': 0.001, 'F2': 0.978}, {'F1': 0.002, 'F2': 0.971}, {'F1': 0.002, 'F2': 0.972}, {'F1': 0.003, 'F2': 1.103}]]","[0.0, 0.0, 0.0, 0.0, 0.0]"
"[[{'F1': 0.004, 'F2': 0.971}, {'F1': 0.005, 'F2': 0.972}, {'F1': 0.006, 'F2': 0.973}, {'F1': 0.007, 'F2': 1.051}, {'F1': 0.008, 'F2': 1.105}], [{'F1': 0.02, 'F2': 1.015}, {'F1': 0.01, 'F2': 1.051}, {'F1': 0.03, 'F2': 1.179}, {'F1': 0.02, 'F2': 1.587}, {'F1': 0.04, 'F2': 1.089}], [{'F1': 0.07, 'F2': 3.5}, {'F1': 0.08, 'F2': 3.2}, {'F1': 0.09, 'F2': 3.0}, {'F1': 0.1, 'F2': 2.8}, {'F1': 0.11, 'F2': 2.6}], [{'F1': 0.04, 'F2': 2.623}, {'F1': 0.05, 'F2': 1.131}, {'F1': 0.03, 'F2': 1.051}, {'F1': 0.02, 'F2': 2.293}, {'F1': 0.06, 'F2': 1.179}], [{'F1': 0.001, 'F2': 0.977}, {'F1': 0.002, 'F2': 0.973}, {'F1': 0.003, 'F2': 0.971}, {'F1': 0.004, 'F2': 0.971}, {'F1': 0.005, 'F2': 0.972}]]","[0.0, 0.0, 0.0, 0.0, 0.0]"
"[[{'F1': 0.001, 'F2': 0.977}, {'F1': 0.002, 'F2': 0.973}, {'F1': 0.003, 'F2': 1.103}, {'F1': 0.004, 'F2': 1.064}, {'F1': 0.005, 'F2': 0.972}], [{'F1': 0.2, 'F2': 3.5}, {'F1': 0.4, 'F2': 3.2}, {'F1': 0.3, 'F2': 3.7}, {'F1': 0.25, 'F2': 3.9}, {'F1': 0.35, 'F2': 3.4}], [{'F1': 0.2, 'F2': 3.752}, {'F1': 0.15, 'F2': 4.841}, {'F1': 0.1, 'F2': 4.44}, {'F1': 0.05, 'F2': 4.763}, {'F1': 0.4, 'F2': 3.244}], [{'F1': 0.005, 'F2': 1.105}, {'F1': 0.006, 'F2': 1.103}, {'F1': 0.007, 'F2': 1.101}, {'F1': 0.004, 'F2': 1.064}, {'F1': 0.003, 'F2': 1.103}], [{'F1': 0.001, 'F2': 1.103}, {'F1': 0.002, 'F2': 0.973}, {'F1': 0.003, 'F2': 1.051}, {'F1': 0.004, 'F2': 1.064}, {'F1': 0.005, 'F2': 0.972}]]","[0.0, 0.0, 0.0, 0.0, 0.0]"
"[[{'F1': 0.005, 'F2': 1.01}, {'F1': 0.006, 'F2': 1.05}, {'F1': 0.007, 'F2': 1.03}, {'F1': 0.004, 'F2': 0.98}, {'F1': 0.008, 'F2': 1.07}], [{'F1': 0.003, 'F2': 1.103}, {'F1': 0.004, 'F2': 1.064}, {'F1': 0.002, 'F2': 0.973}, {'F1': 0.001, 'F2': 1.11}, {'F1': 0.005, 'F2': 0.972}], [{'F1': 0.02, 'F2': 1.051}, {'F1': 0.01, 'F2': 1.021}, {'F1': 0.01, 'F2': 1.045}, {'F1': 0.01, 'F2': 1.067}, {'F1': 0.02, 'F2': 1.079}], [{'F1': 0.002, 'F2': 1.0}, {'F1': 0.002, 'F2': 0.973}, {'F1': 0.002, 'F2': 1.11}, {'F1': 0.002, 'F2': 0.985}, {'F1': 0.002, 'F2': 1.059}], [{'F1': 0.001, 'F2': 1.174}, {'F1': 0.002, 'F2': 0.973}, {'F1': 0.005, 'F2': 1.131}, {'F1': 0.003, 'F2': 1.103}, {'F1': 0.004, 'F2': 1.089}]]","[0.0, 0.0, 0.0, 0.0, 0.0]"
"[[{'F1': 0.001, 'F2': 1.051}, {'F1': 0.002, 'F2': 1.015}, {'F1': 0.003, 'F2': 0.971}, {'F1': 0.004, 'F2': 0.977}, {'F1': 0.005, 'F2': 1.131}], [{'F1': 0.02, 'F2': 2.281}, {'F1': 0.03, 'F2': 1.051}, {'F1': 0.01, 'F2': 3.759}, {'F1': 0.04, 'F2': 2.623}, {'F1': 0.005, 'F2': 1.225}], [{'F1': 0.001, 'F2': 1.689}, {'F1': 0.002, 'F2': 0.973}, {'F1': 0.003, 'F2': 0.971}, {'F1': 0.004, 'F2': 1.064}, {'F1': 0.005, 'F2': 1.225}], [{'F1': 0.01, 'F2': 1.062}, {'F1': 0.02, 'F2': 1.051}, {'F1': 0.03, 'F2': 1.051}, {'F1': 0.04, 'F2': 2.623}, {'F1': 0.05, 'F2': 2.637}], [{'F1': 0.001, 'F2': 0.977}, {'F1': 0.002, 'F2': 0.973}, {'F1': 0.003, 'F2': 0.971}, {'F1': 0.004, 'F2': 1.064}, {'F1': 0.005, 'F2': 1.225}]]","[0.0, 0.0, 0.0, 0.0, 0.0]"
"[[{'F1': 0.09, 'F2': 2.5}, {'F1': 0.1, 'F2': 2.3}, {'F1': 0.08, 'F2': 2.6}, {'F1': 0.07, 'F2': 2.4}, {'F1': 0.06, 'F2': 2.7}], [{'F1': 0.15, 'F2': 3.5}, {'F1': 0.15, 'F2': 3.3}, {'F1': 0.15, 'F2': 3.4}, {'F1': 0.15, 'F2': 3.6}, {'F1': 0.15, 'F2': 3.2}], [{'F1': 0.001, 'F2': 1.101}, {'F1': 0.002, 'F2': 0.973}, {'F1': 0.003, 'F2': 0.971}, {'F1': 0.004, 'F2': 0.978}, {'F1': 0.005, 'F2': 0.972}], [{'F1': 0.005, 'F2': 1.103}, {'F1': 0.006, 'F2': 1.179}, {'F1': 0.007, 'F2': 1.225}, {'F1': 0.008, 'F2': 1.252}, {'F1': 0.009, 'F2': 1.295}], [{'F1': 0.001, 'F2': 0.971}, {'F1': 0.005, 'F2': 1.225}, {'F1': 0.007, 'F2': 1.105}, {'F1': 0.003, 'F2': 1.103}, {'F1': 0.002, 'F2': 0.973}]]","[0.0, 0.0, 0.0, 0.0, 0.0]"
"[[{'F1': 0.008, 'F2': 1.098}, {'F1': 0.009, 'F2': 1.102}, {'F1': 0.01, 'F2': 1.105}, {'F1': 0.011, 'F2': 1.11}, {'F1': 0.012, 'F2': 1.115}], [{'F1': 0.005, 'F2': 1.098}, {'F1': 0.006, 'F2': 1.095}, {'F1': 0.007, 'F2': 1.092}, {'F1': 0.004, 'F2': 1.101}, {'F1': 0.005, 'F2': 1.096}], [{'F1': 0.002, 'F2': 0.973}, {'F1': 0.003, 'F2': 0.971}, {'F1': 0.004, 'F2': 0.972}, {'F1': 0.005, 'F2': 0.972}, {'F1': 0.006, 'F2': 0.971}], [{'F1': 0.001, 'F2': 0.978}, {'F1': 0.005, 'F2': 0.972}, {'F1': 0.01, 'F2': 1.065}, {'F1': 0.02, 'F2': 1.015}, {'F1': 0.03, 'F2': 1.051}], [{'F1': 0.005, 'F2': 1.103}, {'F1': 0.015, 'F2': 1.015}, {'F1': 0.025, 'F2': 1.123}, {'F1': 0.035, 'F2': 1.145}, {'F1': 0.045, 'F2': 1.08}]]","[0.0, 0.0, 0.0, 0.0, 0.0]"
"[[{'F1': 0.007, 'F2': 1.106}, {'F1': 0.007, 'F2': 1.105}, {'F1': 0.007, 'F2': 1.104}, {'F1': 0.007, 'F2': 1.107}, {'F1': 0.007, 'F2': 1.108}], [{'F1': 0.001, 'F2': 0.973}, {'F1': 0.001, 'F2': 0.981}, {'F1': 0.001, 'F2': 0.977}, {'F1': 0.001, 'F2': 0.972}, {'F1': 0.001, 'F2': 0.971}], [{'F1': 0.001, 'F2': 0.981}, {'F1': 0.001, 'F2': 0.973}, {'F1': 0.001, 'F2': 0.977}, {'F1': 0.001, 'F2': 0.985}, {'F1': 0.001, 'F2': 0.978}], [{'F1': 0.001, 'F2': 0.978}, {'F1': 0.001, 'F2': 0.971}, {'F1': 0.002, 'F2': 0.973}, {'F1': 0.001, 'F2': 1.048}, {'F1': 0.001, 'F2': 1.062}], [{'F1': 0.001, 'F2': 1.069}, {'F1': 0.001, 'F2': 1.065}, {'F1': 0.001, 'F2': 1.074}, {'F1': 0.001, 'F2': 1.071}, {'F1': 0.001, 'F2': 1.073}]]","[0.0, 5.524094373043908e-07, 0.0, 0.0, 0.0]"
"[[{'F1': 0.01, 'F2': 1.059}, {'F1': 0.02, 'F2': 1.051}, {'F1': 0.03, 'F2': 1.015}, {'F1': 0.04, 'F2': 1.089}, {'F1': 0.005, 'F2': 1.225}], [{'F1': 0.04, 'F2': 2.623}, {'F1': 0.05, 'F2': 2.637}, {'F1': 0.06, 'F2': 1.179}, {'F1': 0.07, 'F2': 1.051}, {'F1': 0.08, 'F2': 1.025}], [{'F1': 0.001, 'F2': 1.101}, {'F1': 0.002, 'F2': 0.973}, {'F1': 0.003, 'F2': 1.103}, {'F1': 0.004, 'F2': 1.064}, {'F1': 0.005, 'F2': 1.225}], [{'F1': 0.001, 'F2': 0.973}, {'F1': 0.002, 'F2': 0.973}, {'F1': 0.003, 'F2': 0.971}, {'F1': 0.004, 'F2': 1.062}, {'F1': 0.005, 'F2': 1.225}], [{'F1': 0.001, 'F2': 1.067}, {'F1': 0.002, 'F2': 1.05}, {'F1': 0.003, 'F2': 1.035}, {'F1': 0.004, 'F2': 1.025}, {'F1': 0.005, 'F2': 1.015}]]","[0.0, 0.0, 0.0, 0.0, 0.0]"
"[[{'F1': 0.001, 'F2': 0.978}, {'F1': 0.001, 'F2': 0.973}, {'F1': 0.001, 'F2': 0.981}, {'F1': 0.001, 'F2': 0.972}, {'F1': 0.001, 'F2': 0.975}], [{'F1': 0.001, 'F2': 0.978}, {'F1': 0.001, 'F2': 1.062}, {'F1': 0.002, 'F2': 0.973}, {'F1': 0.003, 'F2': 1.103}, {'F1': 0.004, 'F2': 1.064}], [{'F1': 0.001, 'F2': 1.11}, {'F1': 0.002, 'F2': 0.973}, {'F1': 0.003, 'F2': 1.103}, {'F1': 0.004, 'F2': 1.064}, {'F1': 0.005, 'F2': 1.225}], [{'F1': 0.01, 'F2': 1.591}, {'F1': 0.01, 'F2': 1.085}, {'F1': 0.02, 'F2': 1.025}, {'F1': 0.03, 'F2': 0.976}, {'F1': 0.006, 'F2': 1.103}], [{'F1': 0.001, 'F2': 0.978}, {'F1': 0.002, 'F2': 1.064}, {'F1': 0.003, 'F2': 0.971}, {'F1': 0.004, 'F2': 1.059}, {'F1': 0.005, 'F2': 0.972}]]","[3.0131423844892424e-07, 0.0, 0.0, 0.0, 0.0]"
"[[{'F1': 0.001, 'F2': 1.101}, {'F1': 0.002, 'F2': 0.973}, {'F1': 0.003, 'F2': 1.103}, {'F1': 0.004, 'F2': 1.064}, {'F1': 0.005, 'F2': 0.972}], [{'F1': 0.002, 'F2': 0.973}, {'F1': 0.002, 'F2': 1.101}, {'F1': 0.003, 'F2': 1.064}, {'F1': 0.004, 'F2': 1.103}, {'F1': 0.001, 'F2': 0.978}], [{'F1': 0.001, 'F2': 0.972}, {'F1': 0.001, 'F2': 1.048}, {'F1': 0.001, 'F2': 0.981}, {'F1': 0.001, 'F2': 1.174}, {'F1': 0.001, 'F2': 0.978}], [{'F1': 0.001, 'F2': 0.978}, {'F1': 0.001, 'F2': 0.971}, {'F1': 0.001, 'F2': 1.101}, {'F1': 0.001, 'F2': 1.103}, {'F1': 0.001, 'F2': 0.982}], [{'F1': 0.001, 'F2': 0.978}, {'F1': 0.002, 'F2': 0.973}, {'F1': 0.001, 'F2': 0.985}, {'F1': 0.002, 'F2': 1.048}, {'F1': 0.002, 'F2': 1.105}]]","[0.0, 0.0, 0.0, 0.0, 0.0]"
"[[{'F1': 0.01, 'F2': 1.051}, {'F1': 0.015, 'F2': 1.065}, {'F1': 0.02, 'F2': 1.179}, {'F1': 0.025, 'F2': 1.101}, {'F1': 0.03, 'F2': 1.131}], [{'F1': 0.005, 'F2': 1.125}, {'F1': 0.006, 'F2': 1.087}, {'F1': 0.007, 'F2': 1.103}, {'F1': 0.008, 'F2': 1.092}, {'F1': 0.009, 'F2': 1.078}], [{'F1': 0.001, 'F2': 1.2}, {'F1': 0.002, 'F2': 1.1}, {'F1': 0.003, 'F2': 1.05}, {'F1': 0.004, 'F2': 1.0}, {'F1': 0.005, 'F2': 0.95}], [{'F1': 0.001, 'F2': 0.978}, {'F1': 0.001, 'F2': 0.982}, {'F1': 0.002, 'F2': 0.973}, {'F1': 0.003, 'F2': 0.971}, {'F1': 0.004, 'F2': 0.971}], [{'F1': 0.005, 'F2': 1.1}, {'F1': 0.007, 'F2': 1.05}, {'F1': 0.009, 'F2': 1.0}, {'F1': 0.011, 'F2': 0.95}, {'F1': 0.013, 'F2': 0.9}]]","[0.0, 0.0, 0.0, 0.0, 0.0]"
"[[{'F1': 0.001, 'F2': 0.977}, {'F1': 0.001, 'F2': 0.978}, {'F1': 0.001, 'F2': 0.981}, {'F1': 0.001, 'F2': 0.982}, {'F1': 0.001, 'F2': 0.983}], [{'F1': 0.0001, 'F2': 0.95}, {'F1': 0.0002, 'F2': 0.965}, {'F1': 0.0003, 'F2': 0.98}, {'F1': 0.0004, 'F2': 0.97}, {'F1': 0.0005, 'F2': 0.94}], [{'F1': 0.001, 'F2': 0.978}, {'F1': 0.002, 'F2': 0.973}, {'F1': 0.003, 'F2': 0.971}, {'F1': 0.004, 'F2': 1.064}, {'F1': 0.005, 'F2': 1.225}], [{'F1': 0.001, 'F2': 1.051}, {'F1': 0.001, 'F2': 1.045}, {'F1': 0.001, 'F2': 1.063}, {'F1': 0.001, 'F2': 1.078}, {'F1': 0.001, 'F2': 1.092}], [{'F1': 0.001, 'F2': 1.1}, {'F1': 0.001, 'F2': 1.2}, {'F1': 0.001, 'F2': 1.3}, {'F1': 0.001, 'F2': 1.15}, {'F1': 0.001, 'F2': 1.05}]]","[0.0, 0.002712082001792293, 0.0, 0.0, 0.0]"
"[[{'F1': 0.002, 'F2': 0.973}, {'F1': 0.005, 'F2': 1.064}, {'F1': 0.003, 'F2': 1.101}, {'F1': 0.001, 'F2': 0.981}, {'F1': 0.004, 'F2': 0.971}], [{'F1': 0.001, 'F2': 1.101}, {'F1': 0.002, 'F2': 0.973}, {'F1': 0.003, 'F2': 1.105}, {'F1': 0.004, 'F2': 1.064}, {'F1': 0.005, 'F2': 0.972}], [{'F1': 0.01, 'F2': 1.065}, {'F1': 0.01, 'F2': 1.062}, {'F1': 0.01, 'F2': 1.059}, {'F1': 0.01, 'F2': 1.048}, {'F1': 0.01, 'F2': 1.051}], [{'F1': 0.001, 'F2': 1.174}, {'F1': 0.001, 'F2': 1.101}, {'F1': 0.002, 'F2': 0.973}, {'F1': 0.001, 'F2': 0.978}, {'F1': 0.001, 'F2': 1.062}], [{'F1': 0.001, 'F2': 1.174}, {'F1': 0.002, 'F2': 0.973}, {'F1': 0.003, 'F2': 1.103}, {'F1': 0.004, 'F2': 1.064}, {'F1': 0.005, 'F2': 1.225}]]","[0.0, 0.0, 0.0, 0.0, 0.0]"
"[[{'F1': 0.005, 'F2': 1.062}, {'F1': 0.006, 'F2': 1.107}, {'F1': 0.007, 'F2': 1.105}, {'F1': 0.008, 'F2': 1.107}, {'F1': 0.009, 'F2': 1.115}], [{'F1': 0.005, 'F2': 1.086}, {'F1': 0.006, 'F2': 1.097}, {'F1': 0.007, 'F2': 1.11}, {'F1': 0.008, 'F2': 1.125}, {'F1': 0.004, 'F2': 1.079}], [{'F1': 0.001, 'F2': 0.978}, {'F1': 0.002, 'F2': 0.973}, {'F1': 0.003, 'F2': 1.051}, {'F1': 0.004, 'F2': 1.064}, {'F1': 0.005, 'F2': 0.971}], [{'F1': 0.002, 'F2': 1.105}, {'F1': 0.003, 'F2': 1.103}, {'F1': 0.001, 'F2': 1.174}, {'F1': 0.001, 'F2': 1.101}, {'F1': 0.002, 'F2': 1.089}], [{'F1': 0.01, 'F2': 1.065}, {'F1': 0.01, 'F2': 1.1}, {'F1': 0.01, 'F2': 1.2}, {'F1': 0.01, 'F2': 1.3}, {'F1': 0.01, 'F2': 1.4}]]","[0.0, 0.0, 0.0, 0.0, 0.0]"
"[[{'F1': 0.001, 'F2': 0.977}, {'F1': 0.004, 'F2': 0.971}, {'F1': 0.005, 'F2': 0.972}, {'F1': 0.003, 'F2': 0.971}, {'F1': 0.002, 'F2': 0.973}], [{'F1': 0.001, 'F2': 0.971}, {'F1': 0.002, 'F2': 0.973}, {'F1': 0.003, 'F2': 0.971}, {'F1': 0.001, 'F2': 1.004}, {'F1': 0.005, 'F2': 0.972}], [{'F1': 0.0001, 'F2': 0.973}, {'F1': 0.0001, 'F2': 1.062}, {'F1': 0.0001, 'F2': 1.045}, {'F1': 0.0001, 'F2': 1.005}, {'F1': 0.0001, 'F2': 0.978}], [{'F1': 0.001, 'F2': 0.978}, {'F1': 0.002, 'F2': 0.973}, {'F1': 0.003, 'F2': 0.971}, {'F1': 0.004, 'F2': 0.971}, {'F1': 0.005, 'F2': 0.972}], [{'F1': 0.0002, 'F2': 0.975}, {'F1': 0.0003, 'F2': 0.973}, {'F1': 0.0004, 'F2': 0.97}, {'F1': 0.0005, 'F2': 0.968}, {'F1': 0.0006, 'F2': 0.965}]]","[0.0, 0.0, 0.0, 0.0, 0.00022320577635315253]"
"[[{'F1': 0.01, 'F2': 0.983}, {'F1': 0.01, 'F2': 1.062}, {'F1': 0.01, 'F2': 1.051}, {'F1': 0.01, 'F2': 1.048}, {'F1': 0.01, 'F2': 1.059}], [{'F1': 0.002, 'F2': 0.973}, {'F1': 0.003, 'F2': 1.103}, {'F1': 0.001, 'F2': 0.978}, {'F1': 0.002, 'F2': 1.064}, {'F1': 0.004, 'F2': 0.971}], [{'F1': 0.001, 'F2': 1.625}, {'F1': 0.001, 'F2': 1.101}, {'F1': 0.001, 'F2': 1.059}, {'F1': 0.001, 'F2': 0.978}, {'F1': 0.001, 'F2': 1.174}], [{'F1': 0.002, 'F2': 1.105}, {'F1': 0.003, 'F2': 1.103}, {'F1': 0.004, 'F2': 1.064}, {'F1': 0.005, 'F2': 1.225}, {'F1': 0.006, 'F2': 1.179}], [{'F1': 0.0, 'F2': 1.0}, {'F1': 0.0001, 'F2': 1.004}, {'F1': 0.0001, 'F2': 1.001}, {'F1': 0.0001, 'F2': 1.002}, {'F1': 0.0001, 'F2': 1.003}]]","[0.0, 0.0, 0.0, 0.0, 0.0]"
"[[{'F1': 0.007, 'F2': 1.1}, {'F1': 0.008, 'F2': 1.105}, {'F1': 0.006, 'F2': 1.096}, {'F1': 0.005, 'F2': 1.09}, {'F1': 0.009, 'F2': 1.11}], [{'F1': 0.003, 'F2': 1.103}, {'F1': 0.004, 'F2': 1.064}, {'F1': 0.005, 'F2': 1.179}, {'F1': 0.002, 'F2': 1.002}, {'F1': 0.006, 'F2': 1.115}], [{'F1': 0.001, 'F2': 1.101}, {'F1': 0.002, 'F2': 1.105}, {'F1': 0.003, 'F2': 1.103}, {'F1': 0.004, 'F2': 1.089}, {'F1': 0.005, 'F2': 1.225}], [{'F1': 0.005, 'F2': 1.11}, {'F1': 0.006, 'F2': 1.103}, {'F1': 0.007, 'F2': 1.095}, {'F1': 0.008, 'F2': 1.089}, {'F1': 0.009, 'F2': 1.075}], [{'F1': 0.003, 'F2': 1.095}, {'F1': 0.004, 'F2': 1.106}, {'F1': 0.002, 'F2': 1.103}, {'F1': 0.005, 'F2': 1.112}, {'F1': 0.006, 'F2': 1.099}]]","[0.0, 0.0, 0.0, 0.0, 0.0]"
"[[{'F1': 0.03, 'F2': 2.5}, {'F1': 0.04, 'F2': 2.3}, {'F1': 0.05, 'F2': 2.1}, {'F1': 0.02, 'F2': 2.7}, {'F1': 0.06, 'F2': 2.4}], [{'F1': 0.005, 'F2': 1.063}, {'F1': 0.004, 'F2': 1.072}, {'F1': 0.003, 'F2': 1.081}, {'F1': 0.006, 'F2': 1.054}, {'F1': 0.007, 'F2': 1.045}], [{'F1': 0.01, 'F2': 1.065}, {'F1': 0.005, 'F2': 0.972}, {'F1': 0.003, 'F2': 0.971}, {'F1': 0.001, 'F2': 0.978}, {'F1': 0.02, 'F2': 1.015}], [{'F1': 0.2, 'F2': 3.5}, {'F1': 0.25, 'F2': 3.7}, {'F1': 0.3, 'F2': 3.9}, {'F1': 0.35, 'F2': 4.1}, {'F1': 0.4, 'F2': 4.3}], [{'F1': 0.0, 'F2': 1.0}, {'F1': 0.01, 'F2': 1.888}, {'F1': 0.1, 'F2': 4.44}, {'F1': 0.2, 'F2': 3.752}, {'F1': 0.3, 'F2': 3.942}]]","[0.0, 0.0, 0.0, 0.0, 0.0]"
"[[{'F1': 0.001, 'F2': 1.105}, {'F1': 0.001, 'F2': 1.101}, {'F1': 0.001, 'F2': 1.174}, {'F1': 0.001, 'F2': 0.982}, {'F1': 0.001, 'F2': 1.063}], [{'F1': 0.001, 'F2': 0.972}, {'F1': 0.002, 'F2': 0.973}, {'F1': 0.003, 'F2': 1.103}, {'F1': 0.004, 'F2': 1.064}, {'F1': 0.005, 'F2': 1.105}], [{'F1': 0.01, 'F2': 1.065}, {'F1': 0.01, 'F2': 1.059}, {'F1': 0.01, 'F2': 0.988}, {'F1': 0.01, 'F2': 1.048}, {'F1': 0.01, 'F2': 1.062}], [{'F1': 0.001, 'F2': 0.982}, {'F1': 0.001, 'F2': 0.973}, {'F1': 0.0005, 'F2': 0.981}, {'F1': 0.002, 'F2': 1.089}, {'F1': 0.003, 'F2': 1.103}], [{'F1': 0.001, 'F2': 0.978}, {'F1': 0.002, 'F2': 0.973}, {'F1': 0.003, 'F2': 0.971}, {'F1': 0.004, 'F2': 0.971}, {'F1': 0.005, 'F2': 0.972}]]","[0.0, 0.0, 0.0, 0.0, 0.0]"
"[[{'F1': 0.02, 'F2': 2.293}, {'F1': 0.02, 'F2': 1.051}, {'F1': 0.02, 'F2': 1.015}, {'F1': 0.02, 'F2': 1.105}, {'F1': 0.02, 'F2': 1.087}], [{'F1': 0.03, 'F2': 1.051}, {'F1': 0.03, 'F2': 1.442}, {'F1': 0.03, 'F2': 2.281}, {'F1': 0.03, 'F2': 3.517}, {'F1': 0.03, 'F2': 2.637}], [{'F1': 0.001, 'F2': 0.978}, {'F1': 0.002, 'F2': 0.973}, {'F1': 0.003, 'F2': 0.971}, {'F1': 0.004, 'F2': 0.971}, {'F1': 0.005, 'F2': 0.972}], [{'F1': 0.005, 'F2': 1.202}, {'F1': 0.006, 'F2': 1.12}, {'F1': 0.007, 'F2': 1.045}, {'F1': 0.004, 'F2': 1.15}, {'F1': 0.008, 'F2': 1.1}], [{'F1': 0.005, 'F2': 1.103}, {'F1': 0.008, 'F2': 1.107}, {'F1': 0.012, 'F2': 1.005}, {'F1': 0.015, 'F2': 1.179}, {'F1': 0.018, 'F2': 1.015}]]","[0.0, 0.0, 0.0, 0.0, 0.0]"
"[[{'F1': 0.001, 'F2': 1.004}, {'F1': 0.001, 'F2': 0.981}, {'F1': 0.001, 'F2': 0.978}, {'F1': 0.001, 'F2': 0.973}, {'F1': 0.001, 'F2': 0.965}], [{'F1': 0.001, 'F2': 0.978}, {'F1': 0.001, 'F2': 1.101}, {'F1': 0.001, 'F2': 1.074}, {'F1': 0.001, 'F2': 1.065}, {'F1': 0.001, 'F2': 1.059}], [{'F1': 0.01, 'F2': 1.028}, {'F1': 0.01, 'F2': 1.045}, {'F1': 0.01, 'F2': 1.012}, {'F1': 0.01, 'F2': 1.015}, {'F1': 0.01, 'F2': 1.02}], [{'F1': 0.001, 'F2': 1.005}, {'F1': 0.002, 'F2': 1.002}, {'F1': 0.003, 'F2': 1.001}, {'F1': 0.001, 'F2': 1.01}, {'F1': 0.002, 'F2': 1.003}], [{'F1': 0.01, 'F2': 1.5}, {'F1': 0.02, 'F2': 1.2}, {'F1': 0.03, 'F2': 1.0}, {'F1': 0.01, 'F2': 1.1}, {'F1': 0.02, 'F2': 1.3}]]","[0.0, 0.0, 0.0, 0.0, 0.0]"
"[[{'F1': 0.018, 'F2': 0.98}, {'F1': 0.018, 'F2': 0.97}, {'F1': 0.018, 'F2': 1.01}, {'F1': 0.018, 'F2': 1.05}, {'F1': 0.018, 'F2': 1.03}], [{'F1': 0.01, 'F2': 1.059}, {'F1': 0.01, 'F2': 1.065}, {'F1': 0.01, 'F2': 1.051}, {'F1': 0.01, 'F2': 1.042}, {'F1': 0.01, 'F2': 1.058}], [{'F1': 0.001, 'F2': 0.977}, {'F1': 0.001, 'F2': 1.11}, {'F1': 0.001, 'F2': 1.105}, {'F1': 0.001, 'F2': 0.983}, {'F1': 0.001, 'F2': 1.0}], [{'F1': 0.01, 'F2': 1.49}, {'F1': 0.02, 'F2': 1.09}, {'F1': 0.03, 'F2': 1.05}, {'F1': 0.04, 'F2': 1.13}, {'F1': 0.005, 'F2': 1.11}], [{'F1': 0.005, 'F2': 1.103}, {'F1': 0.002, 'F2': 0.973}, {'F1': 0.006, 'F2': 1.107}, {'F1': 0.007, 'F2': 1.105}, {'F1': 0.004, 'F2': 1.064}]]","[0.0, 0.0, 0.0, 0.0, 0.0]"
"[[{'F1': 0.001, 'F2': 0.978}, {'F1': 0.001, 'F2': 0.981}, {'F1': 0.001, 'F2': 1.001}, {'F1': 0.001, 'F2': 0.977}, {'F1': 0.001, 'F2': 0.982}], [{'F1': 0.4, 'F2': 3.244}, {'F1': 0.3, 'F2': 3.942}, {'F1': 0.5, 'F2': 3.579}, {'F1': 0.2, 'F2': 3.186}, {'F1': 0.1, 'F2': 4.657}], [{'F1': 0.005, 'F2': 1.225}, {'F1': 0.006, 'F2': 1.103}, {'F1': 0.007, 'F2': 1.107}, {'F1': 0.008, 'F2': 1.107}, {'F1': 0.009, 'F2': 1.199}], [{'F1': 0.001, 'F2': 0.977}, {'F1': 0.001, 'F2': 0.986}, {'F1': 0.001, 'F2': 1.001}, {'F1': 0.001, 'F2': 1.064}, {'F1': 0.001, 'F2': 1.105}], [{'F1': 0.001, 'F2': 1.096}, {'F1': 0.002, 'F2': 1.105}, {'F1': 0.001, 'F2': 1.101}, {'F1': 0.002, 'F2': 0.973}, {'F1': 0.0005, 'F2': 1.001}]]","[0.0, 0.0, 0.0, 0.0, 0.0]"
"[[{'F1': 0.002, 'F2': 0.973}, {'F1': 0.004, 'F2': 1.064}, {'F1': 0.006, 'F2': 1.107}, {'F1': 0.008, 'F2': 1.115}, {'F1': 0.01, 'F2': 1.179}], [{'F1': 0.001, 'F2': 0.978}, {'F1': 0.001, 'F2': 0.977}, {'F1': 0.001, 'F2': 0.984}, {'F1': 0.001, 'F2': 1.001}, {'F1': 0.001, 'F2': 1.115}], [{'F1': 0.01, 'F2': 1.048}, {'F1': 0.02, 'F2': 1.096}, {'F1': 0.001, 'F2': 0.981}, {'F1': 0.005, 'F2': 0.972}, {'F1': 0.003, 'F2': 0.971}], [{'F1': 0.01, 'F2': 1.062}, {'F1': 0.01, 'F2': 1.065}, {'F1': 0.02, 'F2': 1.096}, {'F1': 0.01, 'F2': 1.049}, {'F1': 0.01, 'F2': 1.088}], [{'F1': 0.001, 'F2': 0.978}, {'F1': 0.002, 'F2': 0.973}, {'F1': 0.003, 'F2': 0.971}, {'F1': 0.004, 'F2': 0.971}, {'F1': 0.005, 'F2': 0.972}]]","[0.0, 0.0, 0.0, 0.0, 0.0]"
"[[{'F1': 0.002, 'F2': 0.973}, {'F1': 0.002, 'F2': 1.003}, {'F1': 0.002, 'F2': 1.045}, {'F1': 0.002, 'F2': 1.012}, {'F1': 0.002, 'F2': 1.059}], [{'F1': 0.001, 'F2': 0.978}, {'F1': 0.001, 'F2': 0.977}, {'F1': 0.001, 'F2': 1.001}, {'F1': 0.001, 'F2': 1.048}, {'F1': 0.001, 'F2': 0.981}], [{'F1': 0.001, 'F2': 1.174}, {'F1': 0.001, 'F2': 1.101}, {'F1': 0.001, 'F2': 1.105}, {'F1': 0.001, 'F2': 1.103}, {'F1': 0.001, 'F2': 1.096}], [{'F1': 0.002, 'F2': 1.105}, {'F1': 0.003, 'F2': 1.064}, {'F1': 0.004, 'F2': 1.237}, {'F1': 0.005, 'F2': 1.225}, {'F1': 0.001, 'F2': 1.101}], [{'F1': 0.002, 'F2': 1.105}, {'F1': 0.001, 'F2': 0.978}, {'F1': 0.003, 'F2': 1.103}, {'F1': 0.004, 'F2': 1.064}, {'F1': 0.005, 'F2': 1.159}]]","[0.0, 0.0, 0.0, 0.0, 0.0]"
"[[{'F1': 0.003, 'F2': 1.103}, {'F1': 0.005, 'F2': 1.064}, {'F1': 0.002, 'F2': 1.237}, {'F1': 0.004, 'F2': 0.972}, {'F1': 0.006, 'F2': 1.103}], [{'F1': 0.005, 'F2': 1.112}, {'F1': 0.006, 'F2': 1.079}, {'F1': 0.007, 'F2': 1.095}, {'F1': 0.008, 'F2': 1.097}, {'F1': 0.009, 'F2': 1.083}], [{'F1': 0.002, 'F2': 0.973}, {'F1': 0.001, 'F2': 0.977}, {'F1': 0.003, 'F2': 0.971}, {'F1': 0.004, 'F2': 0.971}, {'F1': 0.005, 'F2': 0.972}], [{'F1': 0.001, 'F2': 0.977}, {'F1': 0.002, 'F2': 0.981}, {'F1': 0.003, 'F2': 0.971}, {'F1': 0.004, 'F2': 1.064}, {'F1': 0.005, 'F2': 1.225}], [{'F1': 0.005, 'F2': 1.012}, {'F1': 0.006, 'F2': 1.021}, {'F1': 0.007, 'F2': 1.035}, {'F1': 0.008, 'F2': 1.045}, {'F1': 0.009, 'F2': 1.057}]]","[0.0, 0.0, 0.0, 0.0, 0.0]"
"[[{'F1': 0.001, 'F2': 0.977}, {'F1': 0.001, 'F2': 1.004}, {'F1': 0.001, 'F2': 1.101}, {'F1': 0.001, 'F2': 1.174}, {'F1': 0.001, 'F2': 1.234}], [{'F1': 0.001, 'F2': 0.977}, {'F1': 0.001, 'F2': 0.981}, {'F1': 0.001, 'F2': 0.986}, {'F1': 0.001, 'F2': 1.001}, {'F1': 0.001, 'F2': 1.103}], [{'F1': 0.001, 'F2': 1.174}, {'F1': 0.002, 'F2': 0.973}, {'F1': 0.003, 'F2': 1.103}, {'F1': 0.004, 'F2': 1.064}, {'F1': 0.005, 'F2': 1.225}], [{'F1': 0.01, 'F2': 1.062}, {'F1': 0.01, 'F2': 1.049}, {'F1': 0.01, 'F2': 1.063}, {'F1': 0.01, 'F2': 1.059}, {'F1': 0.01, 'F2': 1.051}], [{'F1': 0.001, 'F2': 1.174}, {'F1': 0.002, 'F2': 1.105}, {'F1': 0.003, 'F2': 1.234}, {'F1': 0.004, 'F2': 0.971}, {'F1': 0.005, 'F2': 1.225}]]","[0.0, 0.0, 0.0, 0.0, 0.0]"
"[[{'F1': 0.005, 'F2': 1.079}, {'F1': 0.007, 'F2': 1.097}, {'F1': 0.009, 'F2': 1.115}, {'F1': 0.011, 'F2': 1.091}, {'F1': 0.013, 'F2': 1.063}], [{'F1': 0.01, 'F2': 1.625}, {'F1': 0.02, 'F2': 1.237}, {'F1': 0.03, 'F2': 1.442}, {'F1': 0.04, 'F2': 1.089}, {'F1': 0.05, 'F2': 1.131}], [{'F1': 0.005, 'F2': 0.973}, {'F1': 0.01, 'F2': 1.062}, {'F1': 0.015, 'F2': 1.042}, {'F1': 0.02, 'F2': 1.051}, {'F1': 0.025, 'F2': 1.059}], [{'F1': 0.002, 'F2': 1.105}, {'F1': 0.003, 'F2': 1.234}, {'F1': 0.004, 'F2': 1.064}, {'F1': 0.005, 'F2': 1.225}, {'F1': 0.006, 'F2': 1.103}], [{'F1': 0.001, 'F2': 1.005}, {'F1': 0.001, 'F2': 0.986}, {'F1': 0.002, 'F2': 1.001}, {'F1': 0.001, 'F2': 0.978}, {'F1': 0.001, 'F2': 0.973}]]","[0.0, 0.0, 0.0, 0.0, 0.0]"
"[[{'F1': 0.007, 'F2': 1.105}, {'F1': 0.007, 'F2': 1.137}, {'F1': 0.007, 'F2': 1.123}, {'F1': 0.007, 'F2': 1.089}, {'F1': 0.007, 'F2': 1.115}], [{'F1': 0.001, 'F2': 0.978}, {'F1': 0.001, 'F2': 0.986}, {'F1': 0.001, 'F2': 0.982}, {'F1': 0.001, 'F2': 0.977}, {'F1': 0.001, 'F2': 0.973}], [{'F1': 0.001, 'F2': 0.978}, {'F1': 0.001, 'F2': 0.982}, {'F1': 0.002, 'F2': 1.001}, {'F1': 0.003, 'F2': 1.103}, {'F1': 0.004, 'F2': 0.971}], [{'F1': 0.1, 'F2': 4.657}, {'F1': 0.1, 'F2': 4.44}, {'F1': 0.1, 'F2': 4.874}, {'F1': 0.1, 'F2': 4.171}, {'F1': 0.1, 'F2': 4.63}], [{'F1': 0.0015, 'F2': 1.005}, {'F1': 0.002, 'F2': 1.02}, {'F1': 0.001, 'F2': 0.99}, {'F1': 0.003, 'F2': 1.01}, {'F1': 0.0025, 'F2': 1.015}]]","[0.0, 0.0, 0.0, 0.0, 0.0]"
"[[{'F1': 0.02, 'F2': 1.051}, {'F1': 0.001, 'F2': 0.978}, {'F1': 0.005, 'F2': 1.944}, {'F1': 0.01, 'F2': 1.625}, {'F1': 0.003, 'F2': 1.103}], [{'F1': 0.01, 'F2': 1.625}, {'F1': 0.01, 'F2': 1.151}, {'F1': 0.01, 'F2': 1.064}, {'F1': 0.01, 'F2': 1.103}, {'F1': 0.01, 'F2': 1.065}], [{'F1': 0.01, 'F2': 1.234}, {'F1': 0.015, 'F2': 1.102}, {'F1': 0.02, 'F2': 1.096}, {'F1': 0.03, 'F2': 1.051}, {'F1': 0.005, 'F2': 1.179}], [{'F1': 0.001, 'F2': 1.006}, {'F1': 0.001, 'F2': 1.002}, {'F1': 0.001, 'F2': 1.005}, {'F1': 0.001, 'F2': 1.003}, {'F1': 0.001, 'F2': 1.004}], [{'F1': 0.001, 'F2': 0.978}, {'F1': 0.001, 'F2': 1.051}, {'F1': 0.001, 'F2': 1.174}, {'F1': 0.001, 'F2': 1.1}, {'F1': 0.001, 'F2': 1.004}]]","[0.0, 0.0, 0.0, 0.0, 0.0]"
"[[{'F1': 0.001, 'F2': 0.977}, {'F1': 0.002, 'F2': 0.973}, {'F1': 0.003, 'F2': 1.051}, {'F1': 0.004, 'F2': 0.971}, {'F1': 0.005, 'F2': 0.972}], [{'F1': 0.005, 'F2': 1.125}, {'F1': 0.006, 'F2': 1.15}, {'F1': 0.007, 'F2': 1.175}, {'F1': 0.008, 'F2': 1.2}, {'F1': 0.009, 'F2': 1.225}], [{'F1': 0.005, 'F2': 1.103}, {'F1': 0.004, 'F2': 1.064}, {'F1': 0.006, 'F2': 1.079}, {'F1': 0.007, 'F2': 1.105}, {'F1': 0.008, 'F2': 1.117}], [{'F1': 0.001, 'F2': 0.982}, {'F1': 0.002, 'F2': 1.003}, {'F1': 0.003, 'F2': 1.105}, {'F1': 0.004, 'F2': 1.067}, {'F1': 0.005, 'F2': 1.079}], [{'F1': 0.001, 'F2': 0.973}, {'F1': 0.002, 'F2': 1.005}, {'F1': 0.003, 'F2': 1.137}, {'F1': 0.004, 'F2': 1.034}, {'F1': 0.005, 'F2': 1.112}]]","[0.0, 0.0, 0.0, 0.0, 0.0]"
"[[{'F1': 0.001, 'F2': 0.978}, {'F1': 0.001, 'F2': 0.982}, {'F1': 0.004, 'F2': 1.064}, {'F1': 0.003, 'F2': 1.234}, {'F1': 0.002, 'F2': 1.105}], [{'F1': 0.001, 'F2': 0.978}, {'F1': 0.001, 'F2': 0.982}, {'F1': 0.001, 'F2': 0.975}, {'F1': 0.001, 'F2': 0.973}, {'F1': 0.001, 'F2': 0.986}], [{'F1': 0.001, 'F2': 0.977}, {'F1': 0.002, 'F2': 0.973}, {'F1': 0.001, 'F2': 1.048}, {'F1': 0.002, 'F2': 1.105}, {'F1': 0.001, 'F2': 1.11}], [{'F1': 0.001, 'F2': 0.978}, {'F1': 0.002, 'F2': 0.973}, {'F1': 0.003, 'F2': 1.234}, {'F1': 0.004, 'F2': 1.064}, {'F1': 0.005, 'F2': 1.225}], [{'F1': 0.001, 'F2': 0.978}, {'F1': 0.0001, 'F2': 1.001}, {'F1': 0.002, 'F2': 1.105}, {'F1': 0.0002, 'F2': 1.002}, {'F1': 0.0001, 'F2': 1.004}]]","[0.0, 0.0, 0.0, 0.0, 0.0]"
